resolution,index,country,as_of,latest,ewma_baseline,alarm_3p,alarm_3p_alert,alarm_5p,alarm_5p_alert,cusum,cusum_alert
Daily,deepseek,Afghanistan,2026-07-25,0.0,0.0001,-0.04,NORMAL,-0.04,NORMAL,0.0,NORMAL
Daily,deepseek,Albania,2026-07-25,0.0,0.0,-0.0,NORMAL,-0.0,NORMAL,0.0,NORMAL
Daily,deepseek,Algeria,2026-07-25,0.0,0.0,-0.02,NORMAL,-0.02,NORMAL,0.0,NORMAL
Daily,deepseek,American Samoa,2026-07-25,0.0,0.0,0.0,NORMAL,0.0,NORMAL,0.0,NORMAL
Daily,deepseek,Andorra,2026-07-25,0.0,0.0,0.0,NORMAL,0.0,NORMAL,0.0,NORMAL
Daily,deepseek,Angola,2026-07-25,0.0,0.0001,-0.13,NORMAL,-0.13,NORMAL,0.0,NORMAL
Daily,deepseek,Antarctica,2026-07-25,0.0,0.0,0.0,NORMAL,0.0,NORMAL,0.0,NORMAL
Daily,deepseek,Antigua & Barbuda,2026-07-25,0.0,0.0,-0.0,NORMAL,-0.0,NORMAL,0.0,NORMAL
Daily,deepseek,Argentina,2026-07-25,0.0,0.0002,-0.15,NORMAL,-0.15,NORMAL,0.0,NORMAL
Daily,deepseek,Armenia,2026-07-25,0.0,0.0,-0.0,NORMAL,-0.0,NORMAL,0.0,NORMAL
Daily,deepseek,Aruba,2026-07-25,0.0,0.0,0.0,NORMAL,0.0,NORMAL,0.0,NORMAL
Daily,deepseek,Australia,2026-07-25,0.0,0.0007,-0.11,NORMAL,1.34,NORMAL,4.82,YELLOW
Daily,deepseek,Austria,2026-07-25,0.0,0.0002,-0.11,NORMAL,-0.11,NORMAL,0.0,NORMAL
Daily,deepseek,Azerbaijan,2026-07-25,0.0,0.0001,-0.12,NORMAL,-0.12,NORMAL,0.0,NORMAL
Daily,deepseek,Bahamas,2026-07-25,0.0,0.0,0.0,NORMAL,0.0,NORMAL,0.0,NORMAL
Daily,deepseek,Bahrain,2026-07-25,0.0,0.0002,-0.06,NORMAL,-0.06,NORMAL,0.0,NORMAL
Daily,deepseek,Bangladesh,2026-07-25,0.0,0.0004,-0.14,NORMAL,-0.14,NORMAL,0.0,NORMAL
Daily,deepseek,Barbados,2026-07-25,0.0,0.0,-0.03,NORMAL,-0.03,NORMAL,0.0,NORMAL
Daily,deepseek,Belarus,2026-07-25,0.01,0.0003,1.27,NORMAL,0.72,NORMAL,3.57,YELLOW
Daily,deepseek,Belgium,2026-07-25,0.0,0.0001,-0.12,NORMAL,-0.12,NORMAL,0.0,NORMAL
Daily,deepseek,Belize,2026-07-25,0.0,0.0,-0.0,NORMAL,-0.0,NORMAL,0.0,NORMAL
Daily,deepseek,Benin,2026-07-25,0.0,0.0,-0.0,NORMAL,-0.0,NORMAL,0.0,NORMAL
Daily,deepseek,Bermuda,2026-07-25,0.0,0.0,0.0,NORMAL,0.0,NORMAL,0.0,NORMAL
Daily,deepseek,Bhutan,2026-07-25,0.0,0.0,-0.0,NORMAL,-0.0,NORMAL,0.0,NORMAL
Daily,deepseek,Bolivia,2026-07-25,0.0,0.0,-0.03,NORMAL,-0.03,NORMAL,0.0,NORMAL
Daily,deepseek,Bosnia & Herzegovina,2026-07-25,0.0,0.0,-0.08,NORMAL,-0.08,NORMAL,0.0,NORMAL
Daily,deepseek,Botswana,2026-07-25,0.0,0.0,-0.0,NORMAL,-0.0,NORMAL,0.0,NORMAL
Daily,deepseek,Brazil,2026-07-25,0.0,0.001,-0.25,NORMAL,-0.25,NORMAL,0.0,NORMAL
Daily,deepseek,British Virgin Islands,2026-07-25,0.0,0.0,0.0,NORMAL,0.0,NORMAL,0.0,NORMAL
Daily,deepseek,Brunei,2026-07-25,0.0,0.0001,-0.09,NORMAL,-0.09,NORMAL,0.0,NORMAL
Daily,deepseek,Bulgaria,2026-07-25,0.0,0.0,-0.0,NORMAL,-0.0,NORMAL,0.0,NORMAL
Daily,deepseek,Burkina Faso,2026-07-25,0.0,0.0,-0.0,NORMAL,-0.0,NORMAL,0.0,NORMAL
Daily,deepseek,Burundi,2026-07-25,0.0,0.0001,-0.1,NORMAL,-0.1,NORMAL,0.0,NORMAL
Daily,deepseek,Cambodia,2026-07-25,0.0,0.0007,-0.15,NORMAL,0.06,NORMAL,0.0,NORMAL
Daily,deepseek,Cameroon,2026-07-25,0.0,0.0,-0.04,NORMAL,-0.04,NORMAL,0.0,NORMAL
Daily,deepseek,Canada,2026-07-25,0.0,0.0011,0.46,NORMAL,2.25,YELLOW,9.88,RED
Daily,deepseek,Cape Verde,2026-07-25,0.0,0.0,-0.06,NORMAL,-0.06,NORMAL,0.0,NORMAL
Daily,deepseek,Cayman Islands,2026-07-25,0.0,0.0,0.0,NORMAL,0.0,NORMAL,0.0,NORMAL
Daily,deepseek,Central African Republic,2026-07-25,0.0,0.0,0.0,NORMAL,0.0,NORMAL,0.0,NORMAL
Daily,deepseek,Chad,2026-07-25,0.0,0.0,-0.0,NORMAL,-0.0,NORMAL,0.0,NORMAL
Daily,deepseek,Chile,2026-07-25,0.0,0.0003,-0.12,NORMAL,-0.12,NORMAL,0.0,NORMAL
Daily,deepseek,China,2026-07-25,0.0,0.0001,-0.18,NORMAL,-0.18,NORMAL,0.0,NORMAL
Daily,deepseek,Colombia,2026-07-25,0.0,0.0002,-0.06,NORMAL,-0.06,NORMAL,0.0,NORMAL
Daily,deepseek,Comoros,2026-07-25,0.0,0.0,-0.02,NORMAL,-0.02,NORMAL,0.0,NORMAL
Daily,deepseek,Congo - Brazzaville,2026-07-25,0.0,0.0001,-0.09,NORMAL,-0.09,NORMAL,0.0,NORMAL
Daily,deepseek,Congo - Kinshasa,2026-07-25,0.0,0.0,-0.09,NORMAL,-0.09,NORMAL,0.0,NORMAL
Daily,deepseek,Cook Islands,2026-07-25,0.0,0.0,-0.0,NORMAL,-0.0,NORMAL,0.0,NORMAL
Daily,deepseek,Costa Rica,2026-07-25,0.0,0.0,-0.02,NORMAL,-0.02,NORMAL,0.0,NORMAL
Daily,deepseek,Croatia,2026-07-25,0.0,0.0,-0.0,NORMAL,-0.0,NORMAL,0.0,NORMAL
Daily,deepseek,Cuba,2026-07-25,0.0,0.0003,-0.12,NORMAL,-0.12,NORMAL,0.0,NORMAL
Daily,deepseek,Curaçao,2026-07-25,0.0,0.0,0.0,NORMAL,0.0,NORMAL,0.0,NORMAL
Daily,deepseek,Cyprus,2026-07-25,0.0,0.0,-0.0,NORMAL,-0.0,NORMAL,0.0,NORMAL
Daily,deepseek,Czechia,2026-07-25,0.0,0.0001,6.26,RED,3.71,RED,17.99,RED
Daily,deepseek,Côte d’Ivoire,2026-07-25,0.0,0.0,-0.0,NORMAL,-0.0,NORMAL,0.0,NORMAL
Daily,deepseek,Denmark,2026-07-25,0.0,0.0004,-0.14,NORMAL,-0.14,NORMAL,7.0,RED
Daily,deepseek,Djibouti,2026-07-25,0.0,0.0002,1.16,NORMAL,0.67,NORMAL,1.97,NORMAL
Daily,deepseek,Dominica,2026-07-25,0.0,0.0,0.0,NORMAL,0.0,NORMAL,0.0,NORMAL
Daily,deepseek,Dominican Republic,2026-07-25,0.0,0.0001,-0.11,NORMAL,-0.11,NORMAL,0.0,NORMAL
Daily,deepseek,Ecuador,2026-07-25,0.0,0.0,-0.09,NORMAL,-0.09,NORMAL,0.29,NORMAL
Daily,deepseek,Egypt,2026-07-25,0.0,0.0008,-0.1,NORMAL,0.15,NORMAL,0.0,NORMAL
Daily,deepseek,El Salvador,2026-07-25,0.0,0.0,-0.01,NORMAL,-0.01,NORMAL,0.0,NORMAL
Daily,deepseek,Equatorial Guinea,2026-07-25,0.0,0.0,-0.0,NORMAL,-0.0,NORMAL,0.0,NORMAL
Daily,deepseek,Eritrea,2026-07-25,0.0,0.0002,-0.09,NORMAL,-0.09,NORMAL,0.0,NORMAL
Daily,deepseek,Estonia,2026-07-25,0.0,0.0,-0.0,NORMAL,-0.0,NORMAL,0.0,NORMAL
Daily,deepseek,Eswatini,2026-07-25,0.0,0.0008,-0.09,NORMAL,-0.09,NORMAL,0.0,NORMAL
Daily,deepseek,Ethiopia,2026-07-25,0.0,0.0001,-0.15,NORMAL,-0.15,NORMAL,5.38,RED
Daily,deepseek,Faroe Islands,2026-07-25,0.0,0.0,0.0,NORMAL,0.0,NORMAL,0.0,NORMAL
Daily,deepseek,Fiji,2026-07-25,0.0,0.0005,-0.03,NORMAL,-0.03,NORMAL,0.0,NORMAL
Daily,deepseek,Finland,2026-07-25,0.0,0.0,-0.07,NORMAL,-0.07,NORMAL,0.0,NORMAL
Daily,deepseek,France,2026-07-25,0.0,0.0021,-0.15,NORMAL,-0.15,NORMAL,0.0,NORMAL
Daily,deepseek,French Polynesia,2026-07-25,0.0,0.0,0.0,NORMAL,0.0,NORMAL,0.0,NORMAL
Daily,deepseek,Gabon,2026-07-25,0.0,0.0,-0.06,NORMAL,-0.06,NORMAL,0.0,NORMAL
Daily,deepseek,Gambia,2026-07-25,0.0,0.0002,-0.09,NORMAL,-0.09,NORMAL,0.0,NORMAL
Daily,deepseek,Georgia,2026-07-25,0.0,0.0,-0.03,NORMAL,-0.03,NORMAL,0.0,NORMAL
Daily,deepseek,Germany,2026-07-25,0.01,0.001,0.5,NORMAL,0.22,NORMAL,1.44,NORMAL
Daily,deepseek,Ghana,2026-07-25,0.0,0.0001,-0.07,NORMAL,-0.07,NORMAL,0.0,NORMAL
Daily,deepseek,Gibraltar,2026-07-25,0.0,0.0,0.0,NORMAL,0.0,NORMAL,0.0,NORMAL
Daily,deepseek,Greece,2026-07-25,0.0,0.0003,-0.18,NORMAL,-0.18,NORMAL,1.28,NORMAL
Daily,deepseek,Greenland,2026-07-25,0.0,0.0,0.0,NORMAL,0.0,NORMAL,0.0,NORMAL
Daily,deepseek,Grenada,2026-07-25,0.0,0.0,-0.01,NORMAL,-0.01,NORMAL,0.0,NORMAL
Daily,deepseek,Guadeloupe,2026-07-25,0.0,0.0,0.0,NORMAL,0.0,NORMAL,0.0,NORMAL
Daily,deepseek,Guam,2026-07-25,0.0,0.0,-0.0,NORMAL,-0.0,NORMAL,0.0,NORMAL
Daily,deepseek,Guatemala,2026-07-25,0.0,0.0,-0.02,NORMAL,-0.02,NORMAL,0.0,NORMAL
Daily,deepseek,Guinea,2026-07-25,0.0,0.0003,-0.12,NORMAL,-0.12,NORMAL,0.0,NORMAL
Daily,deepseek,Guinea-Bissau,2026-07-25,0.0,0.0,0.0,NORMAL,0.0,NORMAL,0.0,NORMAL
Daily,deepseek,Guyana,2026-07-25,0.0,0.0,-0.06,NORMAL,-0.06,NORMAL,0.0,NORMAL
Daily,deepseek,Haiti,2026-07-25,0.0,0.0,0.0,NORMAL,0.0,NORMAL,0.0,NORMAL
Daily,deepseek,Honduras,2026-07-25,0.0,0.0,-0.0,NORMAL,-0.0,NORMAL,0.0,NORMAL
Daily,deepseek,Hungary,2026-07-25,0.0,0.0004,-0.13,NORMAL,-0.13,NORMAL,0.0,NORMAL
Daily,deepseek,Iceland,2026-07-25,0.0,0.0,-0.0,NORMAL,-0.0,NORMAL,0.0,NORMAL
Daily,deepseek,India,2026-07-25,0.0,0.0006,-0.16,NORMAL,-0.16,NORMAL,0.0,NORMAL
Daily,deepseek,Indonesia,2026-07-25,0.0,0.0012,-0.18,NORMAL,-0.18,NORMAL,0.0,NORMAL
Daily,deepseek,Iran,2026-07-25,0.01,0.0031,0.02,NORMAL,-0.09,NORMAL,2.76,NORMAL
Daily,deepseek,Iraq,2026-07-25,0.0,0.0001,-0.08,NORMAL,-0.08,NORMAL,0.0,NORMAL
Daily,deepseek,Ireland,2026-07-25,0.0,0.0,-0.04,NORMAL,-0.04,NORMAL,0.0,NORMAL
Daily,deepseek,Israel,2026-07-25,0.01,0.0017,0.16,NORMAL,0.03,NORMAL,0.28,NORMAL
Daily,deepseek,Italy,2026-07-25,0.0,0.0007,1.02,NORMAL,0.55,NORMAL,1.58,NORMAL
Daily,deepseek,Jamaica,2026-07-25,0.0,0.0001,-0.1,NORMAL,-0.1,NORMAL,0.0,NORMAL
Daily,deepseek,Japan,2026-07-25,0.025,0.0148,-0.13,NORMAL,0.2,NORMAL,0.0,NORMAL
Daily,deepseek,Jordan,2026-07-25,0.0,0.0001,-0.04,NORMAL,-0.04,NORMAL,0.0,NORMAL
Daily,deepseek,Kazakhstan,2026-07-25,0.0,0.001,-0.22,NORMAL,-0.22,NORMAL,0.0,NORMAL
Daily,deepseek,Kenya,2026-07-25,0.0,0.0003,-0.18,NORMAL,-0.18,NORMAL,0.0,NORMAL
Daily,deepseek,Kiribati,2026-07-25,0.0,0.0,-0.0,NORMAL,-0.0,NORMAL,0.0,NORMAL
Daily,deepseek,Kuwait,2026-07-25,0.0,0.0002,-0.07,NORMAL,-0.07,NORMAL,0.0,NORMAL
Daily,deepseek,Kyrgyzstan,2026-07-25,0.01,0.0008,0.69,NORMAL,0.33,NORMAL,2.32,NORMAL
Daily,deepseek,Laos,2026-07-25,0.0,0.0007,-0.16,NORMAL,-0.16,NORMAL,0.0,NORMAL
Daily,deepseek,Latvia,2026-07-25,0.0,0.0,-0.0,NORMAL,-0.0,NORMAL,0.0,NORMAL
Daily,deepseek,Lebanon,2026-07-25,0.0,0.0001,-0.12,NORMAL,-0.12,NORMAL,0.0,NORMAL
Daily,deepseek,Lesotho,2026-07-25,0.0,0.0001,-0.05,NORMAL,-0.05,NORMAL,0.0,NORMAL
Daily,deepseek,Liberia,2026-07-25,0.0,0.0,-0.02,NORMAL,-0.02,NORMAL,0.0,NORMAL
Daily,deepseek,Libya,2026-07-25,0.0,0.0,-0.05,NORMAL,-0.05,NORMAL,0.0,NORMAL
Daily,deepseek,Liechtenstein,2026-07-25,0.0,0.0,0.0,NORMAL,0.0,NORMAL,0.0,NORMAL
Daily,deepseek,Lithuania,2026-07-25,0.0,0.0,-0.0,NORMAL,-0.0,NORMAL,0.0,NORMAL
Daily,deepseek,Luxembourg,2026-07-25,0.0,0.0,-0.04,NORMAL,-0.04,NORMAL,0.0,NORMAL
Daily,deepseek,Madagascar,2026-07-25,0.0,0.0002,-0.17,NORMAL,-0.17,NORMAL,4.88,YELLOW
Daily,deepseek,Malawi,2026-07-25,0.0,0.0,-0.04,NORMAL,-0.04,NORMAL,0.0,NORMAL
Daily,deepseek,Malaysia,2026-07-25,0.0,0.0028,-0.1,NORMAL,0.35,NORMAL,0.0,NORMAL
Daily,deepseek,Maldives,2026-07-25,0.0,0.0002,-0.07,NORMAL,-0.07,NORMAL,0.0,NORMAL
Daily,deepseek,Mali,2026-07-25,0.0,0.0,-0.06,NORMAL,-0.06,NORMAL,0.0,NORMAL
Daily,deepseek,Malta,2026-07-25,0.0,0.0,-0.0,NORMAL,-0.0,NORMAL,0.0,NORMAL
Daily,deepseek,Marshall Islands,2026-07-25,0.0,0.0,-0.03,NORMAL,-0.03,NORMAL,0.0,NORMAL
Daily,deepseek,Martinique,2026-07-25,0.0,0.0,0.0,NORMAL,0.0,NORMAL,0.0,NORMAL
Daily,deepseek,Mauritania,2026-07-25,0.0,0.0,0.0,NORMAL,0.0,NORMAL,0.0,NORMAL
Daily,deepseek,Mauritius,2026-07-25,0.0,0.0,-0.04,NORMAL,-0.04,NORMAL,0.0,NORMAL
Daily,deepseek,Mexico,2026-07-25,0.0,0.0002,-0.15,NORMAL,-0.15,NORMAL,0.0,NORMAL
Daily,deepseek,Micronesia (Federated States of),2026-07-25,0.0,0.0,-0.0,NORMAL,-0.0,NORMAL,0.0,NORMAL
Daily,deepseek,Moldova,2026-07-25,0.0,0.0,-0.07,NORMAL,-0.07,NORMAL,0.0,NORMAL
Daily,deepseek,Monaco,2026-07-25,0.0,0.0,-0.0,NORMAL,-0.0,NORMAL,0.0,NORMAL
Daily,deepseek,Mongolia,2026-07-25,0.0,0.0002,-0.09,NORMAL,-0.09,NORMAL,0.0,NORMAL
Daily,deepseek,Montenegro,2026-07-25,0.0,0.0,-0.08,NORMAL,-0.08,NORMAL,0.0,NORMAL
Daily,deepseek,Morocco,2026-07-25,0.0,0.0001,-0.03,NORMAL,-0.03,NORMAL,0.0,NORMAL
Daily,deepseek,Mozambique,2026-07-25,0.0,0.0002,-0.16,NORMAL,-0.16,NORMAL,0.0,NORMAL
Daily,deepseek,Myanmar (Burma),2026-07-25,0.0,0.0005,-0.17,NORMAL,-0.17,NORMAL,0.0,NORMAL
Daily,deepseek,Namibia,2026-07-25,0.0,0.0003,-0.1,NORMAL,-0.1,NORMAL,0.0,NORMAL
Daily,deepseek,Nauru,2026-07-25,0.0,0.0002,-0.02,NORMAL,-0.02,NORMAL,0.0,NORMAL
Daily,deepseek,Nepal,2026-07-25,0.0,0.0002,-0.15,NORMAL,-0.15,NORMAL,0.0,NORMAL
Daily,deepseek,Netherlands,2026-07-25,0.0,0.0001,-0.1,NORMAL,-0.1,NORMAL,0.0,NORMAL
Daily,deepseek,New Caledonia,2026-07-25,0.0,0.0,0.0,NORMAL,0.0,NORMAL,0.0,NORMAL
Daily,deepseek,New Zealand,2026-07-25,0.0,0.0003,-0.08,NORMAL,-0.08,NORMAL,0.0,NORMAL
Daily,deepseek,Nicaragua,2026-07-25,0.0,0.0,-0.05,NORMAL,-0.05,NORMAL,0.0,NORMAL
Daily,deepseek,Niger,2026-07-25,0.0,0.0,-0.0,NORMAL,-0.0,NORMAL,0.0,NORMAL
Daily,deepseek,Nigeria,2026-07-25,0.0,0.0003,-0.09,NORMAL,-0.09,NORMAL,0.0,NORMAL
Daily,deepseek,Niue,2026-07-25,0.0,0.0,0.0,NORMAL,0.0,NORMAL,0.0,NORMAL
Daily,deepseek,North Korea,2026-07-25,0.0,0.0009,-0.11,NORMAL,-0.11,NORMAL,0.0,NORMAL
Daily,deepseek,North Macedonia,2026-07-25,0.0,0.0001,-0.09,NORMAL,-0.09,NORMAL,0.0,NORMAL
Daily,deepseek,Northern Mariana Islands,2026-07-25,0.0,0.0,0.0,NORMAL,0.0,NORMAL,0.0,NORMAL
Daily,deepseek,Norway,2026-07-25,0.0,0.0001,-0.11,NORMAL,-0.11,NORMAL,0.0,NORMAL
Daily,deepseek,Oman,2026-07-25,0.0,0.0,-0.01,NORMAL,-0.01,NORMAL,0.0,NORMAL
Daily,deepseek,Pakistan,2026-07-25,0.0,0.0017,-0.24,NORMAL,-0.24,NORMAL,1.28,NORMAL
Daily,deepseek,Palau,2026-07-25,0.0,0.0,-0.0,NORMAL,-0.0,NORMAL,0.0,NORMAL
Daily,deepseek,Palestinian Territories,2026-07-25,0.01,0.0006,0.56,NORMAL,0.29,NORMAL,1.37,NORMAL
Daily,deepseek,Panama,2026-07-25,0.0,0.0001,-0.08,NORMAL,-0.08,NORMAL,0.0,NORMAL
Daily,deepseek,Papua New Guinea,2026-07-25,0.0,0.0001,-0.06,NORMAL,-0.06,NORMAL,0.0,NORMAL
Daily,deepseek,Paraguay,2026-07-25,0.0,0.0,0.0,NORMAL,0.0,NORMAL,0.0,NORMAL
Daily,deepseek,Peru,2026-07-25,0.01,0.0003,1.08,NORMAL,0.61,NORMAL,2.93,NORMAL
Daily,deepseek,Philippines,2026-07-25,0.0,0.0076,0.2,NORMAL,2.86,YELLOW,15.22,RED
Daily,deepseek,Poland,2026-07-25,0.0,0.0,-0.02,NORMAL,-0.02,NORMAL,0.0,NORMAL
Daily,deepseek,Portugal,2026-07-25,0.0,0.0001,-0.11,NORMAL,-0.11,NORMAL,0.0,NORMAL
Daily,deepseek,Puerto Rico,2026-07-25,0.0,0.0,0.0,NORMAL,0.0,NORMAL,0.0,NORMAL
Daily,deepseek,Qatar,2026-07-25,0.0,0.0,-0.04,NORMAL,-0.04,NORMAL,0.0,NORMAL
Daily,deepseek,Romania,2026-07-25,0.0,0.0,-0.05,NORMAL,-0.05,NORMAL,0.0,NORMAL
Daily,deepseek,Russia,2026-07-25,0.03,0.0033,0.85,NORMAL,0.4,NORMAL,1.81,NORMAL
Daily,deepseek,Rwanda,2026-07-25,0.0,0.0001,-0.14,NORMAL,-0.14,NORMAL,15.88,RED
Daily,deepseek,Réunion,2026-07-25,0.0,0.0,0.0,NORMAL,0.0,NORMAL,0.0,NORMAL
Daily,deepseek,Samoa,2026-07-25,0.0,0.0,-0.03,NORMAL,-0.03,NORMAL,0.0,NORMAL
Daily,deepseek,San Marino,2026-07-25,0.0,0.0,-0.0,NORMAL,-0.0,NORMAL,0.0,NORMAL
Daily,deepseek,Saudi Arabia,2026-07-25,0.0,0.0006,-0.14,NORMAL,-0.14,NORMAL,0.0,NORMAL
Daily,deepseek,Senegal,2026-07-25,0.0,0.0001,-0.04,NORMAL,-0.04,NORMAL,0.0,NORMAL
Daily,deepseek,Serbia,2026-07-25,0.0,0.0005,-0.13,NORMAL,-0.13,NORMAL,0.0,NORMAL
Daily,deepseek,Seychelles,2026-07-25,0.0,0.0001,-0.11,NORMAL,-0.11,NORMAL,0.54,NORMAL
Daily,deepseek,Sierra Leone,2026-07-25,0.0,0.0,-0.07,NORMAL,-0.07,NORMAL,0.0,NORMAL
Daily,deepseek,Singapore,2026-07-25,0.0,0.0007,-0.17,NORMAL,-0.17,NORMAL,0.0,NORMAL
Daily,deepseek,Slovakia,2026-07-25,0.0,0.0,-0.02,NORMAL,-0.02,NORMAL,0.0,NORMAL
Daily,deepseek,Slovenia,2026-07-25,0.0,0.0,-0.08,NORMAL,-0.08,NORMAL,0.0,NORMAL
Daily,deepseek,Solomon Islands,2026-07-25,0.0,0.0,-0.0,NORMAL,-0.0,NORMAL,0.0,NORMAL
Daily,deepseek,Somalia,2026-07-25,0.0,0.0,-0.0,NORMAL,-0.0,NORMAL,0.0,NORMAL
Daily,deepseek,South Africa,2026-07-25,0.0,0.0007,-0.2,NORMAL,-0.2,NORMAL,0.0,NORMAL
Daily,deepseek,South Korea,2026-07-25,0.0,0.0013,-0.26,NORMAL,-0.26,NORMAL,2.56,NORMAL
Daily,deepseek,South Sudan,2026-07-25,0.0,0.0001,-0.04,NORMAL,-0.04,NORMAL,0.0,NORMAL
Daily,deepseek,Spain,2026-07-25,0.0,0.0004,0.35,NORMAL,0.13,NORMAL,0.0,NORMAL
Daily,deepseek,Sri Lanka,2026-07-25,0.0,0.0001,-0.12,NORMAL,1.09,NORMAL,3.06,YELLOW
Daily,deepseek,St. Helena,2026-07-25,0.0,0.0,0.0,NORMAL,0.0,NORMAL,0.0,NORMAL
Daily,deepseek,St. Kitts & Nevis,2026-07-25,0.0,0.0,0.0,NORMAL,0.0,NORMAL,0.0,NORMAL
Daily,deepseek,St. Lucia,2026-07-25,0.0,0.0,0.0,NORMAL,0.0,NORMAL,0.0,NORMAL
Daily,deepseek,St. Vincent & Grenadines,2026-07-25,0.0,0.0,0.0,NORMAL,0.0,NORMAL,0.0,NORMAL
Daily,deepseek,Sudan,2026-07-25,0.0,0.0,-0.06,NORMAL,-0.06,NORMAL,0.0,NORMAL
Daily,deepseek,Suriname,2026-07-25,0.0,0.0,-0.01,NORMAL,-0.01,NORMAL,0.0,NORMAL
Daily,deepseek,Svalbard & Jan Mayen,2026-07-25,0.0,0.0,0.0,NORMAL,0.0,NORMAL,0.0,NORMAL
Daily,deepseek,Sweden,2026-07-25,0.0,0.0001,-0.07,NORMAL,-0.07,NORMAL,0.0,NORMAL
Daily,deepseek,Switzerland,2026-07-25,0.0,0.0003,-0.13,NORMAL,-0.13,NORMAL,0.0,NORMAL
Daily,deepseek,Syria,2026-07-25,0.0,0.0001,-0.1,NORMAL,-0.1,NORMAL,0.0,NORMAL
Daily,deepseek,São Tomé & Príncipe,2026-07-25,0.0,0.0,-0.0,NORMAL,-0.0,NORMAL,0.0,NORMAL
Daily,deepseek,Taiwan,2026-07-25,0.0,0.0183,-0.28,NORMAL,-0.28,NORMAL,0.0,NORMAL
Daily,deepseek,Tajikistan,2026-07-25,0.0,0.0006,-0.12,NORMAL,-0.12,NORMAL,0.0,NORMAL
Daily,deepseek,Tanzania,2026-07-25,0.0,0.0003,-0.09,NORMAL,-0.09,NORMAL,0.0,NORMAL
Daily,deepseek,Thailand,2026-07-25,0.0,0.0028,-0.1,NORMAL,-0.08,NORMAL,0.0,NORMAL
Daily,deepseek,Timor-Leste,2026-07-25,0.0,0.0,-0.08,NORMAL,-0.08,NORMAL,0.0,NORMAL
Daily,deepseek,Togo,2026-07-25,0.0,0.0,-0.0,NORMAL,-0.0,NORMAL,0.0,NORMAL
Daily,deepseek,Tonga,2026-07-25,0.0,0.0,-0.07,NORMAL,-0.07,NORMAL,0.0,NORMAL
Daily,deepseek,Trinidad & Tobago,2026-07-25,0.0,0.0,-0.0,NORMAL,-0.0,NORMAL,0.0,NORMAL
Daily,deepseek,Tunisia,2026-07-25,0.0,0.0,-0.0,NORMAL,-0.0,NORMAL,0.0,NORMAL
Daily,deepseek,Turkey,2026-07-25,0.0,0.0008,-0.1,NORMAL,-0.1,NORMAL,0.0,NORMAL
Daily,deepseek,Turkmenistan,2026-07-25,0.0,0.0002,-0.14,NORMAL,-0.14,NORMAL,0.0,NORMAL
Daily,deepseek,Tuvalu,2026-07-25,0.0,0.0,0.0,NORMAL,0.0,NORMAL,0.0,NORMAL
Daily,deepseek,UK,2026-07-25,0.0,0.0013,-0.2,NORMAL,-0.2,NORMAL,0.0,NORMAL
Daily,deepseek,US,2026-07-25,0.015,0.0104,0.4,NORMAL,0.53,NORMAL,0.45,NORMAL
Daily,deepseek,Uganda,2026-07-25,0.0,0.0003,-0.1,NORMAL,0.26,NORMAL,0.0,NORMAL
Daily,deepseek,Ukraine,2026-07-25,0.0,0.0003,-0.12,NORMAL,-0.12,NORMAL,0.0,NORMAL
Daily,deepseek,United Arab Emirates,2026-07-25,0.0,0.0006,-0.14,NORMAL,-0.14,NORMAL,0.0,NORMAL
Daily,deepseek,Uruguay,2026-07-25,0.0,0.0002,-0.06,NORMAL,-0.06,NORMAL,0.0,NORMAL
Daily,deepseek,Uzbekistan,2026-07-25,0.0,0.0004,-0.17,NORMAL,-0.17,NORMAL,0.0,NORMAL
Daily,deepseek,Vanuatu,2026-07-25,0.0,0.0,-0.0,NORMAL,-0.0,NORMAL,0.0,NORMAL
Daily,deepseek,Vatican City,2026-07-25,0.0,0.0,0.0,NORMAL,0.0,NORMAL,0.0,NORMAL
Daily,deepseek,Venezuela,2026-07-25,0.0,0.0003,-0.09,NORMAL,-0.09,NORMAL,0.0,NORMAL
Daily,deepseek,Vietnam,2026-07-25,0.0,0.0025,-0.09,NORMAL,-0.09,NORMAL,0.0,NORMAL
Daily,deepseek,Western Sahara,2026-07-25,0.0,0.0,0.0,NORMAL,0.0,NORMAL,0.0,NORMAL
Daily,deepseek,Yemen,2026-07-25,0.0,0.0,-0.0,NORMAL,-0.0,NORMAL,0.0,NORMAL
Daily,deepseek,Zambia,2026-07-25,0.0,0.0002,-0.14,NORMAL,-0.14,NORMAL,0.0,NORMAL
Daily,deepseek,Zimbabwe,2026-07-25,0.0,0.0001,-0.09,NORMAL,-0.09,NORMAL,0.0,NORMAL
Daily,lexicon,Afghanistan,2026-07-25,0.0,0.0,-0.02,NORMAL,-0.02,NORMAL,0.0,NORMAL
Daily,lexicon,Albania,2026-07-25,0.0,0.0,-0.0,NORMAL,-0.0,NORMAL,0.0,NORMAL
Daily,lexicon,Algeria,2026-07-25,0.0,0.0,-0.0,NORMAL,-0.0,NORMAL,0.0,NORMAL
Daily,lexicon,American Samoa,2026-07-25,0.0,0.0,0.0,NORMAL,0.0,NORMAL,0.0,NORMAL
Daily,lexicon,Andorra,2026-07-25,0.0,0.0,0.0,NORMAL,0.0,NORMAL,0.0,NORMAL
Daily,lexicon,Angola,2026-07-25,0.0,0.0,-0.0,NORMAL,-0.0,NORMAL,0.0,NORMAL
Daily,lexicon,Antarctica,2026-07-25,0.0,0.0,0.0,NORMAL,0.0,NORMAL,0.0,NORMAL
Daily,lexicon,Antigua & Barbuda,2026-07-25,0.0,0.0,0.0,NORMAL,0.0,NORMAL,0.0,NORMAL
Daily,lexicon,Argentina,2026-07-25,0.0,0.0,-0.0,NORMAL,-0.0,NORMAL,0.0,NORMAL
Daily,lexicon,Armenia,2026-07-25,0.0,0.0,-0.03,NORMAL,-0.03,NORMAL,0.0,NORMAL
Daily,lexicon,Aruba,2026-07-25,0.0,0.0,0.0,NORMAL,0.0,NORMAL,0.0,NORMAL
Daily,lexicon,Australia,2026-07-25,0.0,0.0,-0.0,NORMAL,-0.0,NORMAL,0.0,NORMAL
Daily,lexicon,Austria,2026-07-25,0.0,0.0,-0.0,NORMAL,-0.0,NORMAL,0.0,NORMAL
Daily,lexicon,Azerbaijan,2026-07-25,0.0,0.0,-0.0,NORMAL,-0.0,NORMAL,0.0,NORMAL
Daily,lexicon,Bahamas,2026-07-25,0.0,0.0,0.0,NORMAL,0.0,NORMAL,0.0,NORMAL
Daily,lexicon,Bahrain,2026-07-25,0.0,0.0,-0.02,NORMAL,-0.02,NORMAL,0.0,NORMAL
Daily,lexicon,Bangladesh,2026-07-25,0.0,0.0,-0.0,NORMAL,-0.0,NORMAL,0.0,NORMAL
Daily,lexicon,Barbados,2026-07-25,0.0,0.0,-0.0,NORMAL,-0.0,NORMAL,0.0,NORMAL
Daily,lexicon,Belarus,2026-07-25,0.0,0.0,-0.0,NORMAL,-0.0,NORMAL,0.0,NORMAL
Daily,lexicon,Belgium,2026-07-25,0.0,0.0,-0.0,NORMAL,-0.0,NORMAL,0.0,NORMAL
Daily,lexicon,Belize,2026-07-25,0.0,0.0,-0.0,NORMAL,-0.0,NORMAL,0.0,NORMAL
Daily,lexicon,Benin,2026-07-25,0.0,0.0,0.0,NORMAL,0.0,NORMAL,0.0,NORMAL
Daily,lexicon,Bermuda,2026-07-25,0.0,0.0,0.0,NORMAL,0.0,NORMAL,0.0,NORMAL
Daily,lexicon,Bhutan,2026-07-25,0.0,0.0,0.0,NORMAL,0.0,NORMAL,0.0,NORMAL
Daily,lexicon,Bolivia,2026-07-25,0.0,0.0,0.0,NORMAL,0.0,NORMAL,0.0,NORMAL
Daily,lexicon,Bosnia & Herzegovina,2026-07-25,0.0,0.0,0.0,NORMAL,0.0,NORMAL,0.0,NORMAL
Daily,lexicon,Botswana,2026-07-25,0.0,0.0,-0.0,NORMAL,-0.0,NORMAL,0.0,NORMAL
Daily,lexicon,Brazil,2026-07-25,0.0,0.0,-0.15,NORMAL,-0.15,NORMAL,0.0,NORMAL
Daily,lexicon,British Virgin Islands,2026-07-25,0.0,0.0,0.0,NORMAL,0.0,NORMAL,0.0,NORMAL
Daily,lexicon,Brunei,2026-07-25,0.0,0.0,0.0,NORMAL,0.0,NORMAL,0.0,NORMAL
Daily,lexicon,Bulgaria,2026-07-25,0.0,0.0,0.0,NORMAL,0.0,NORMAL,0.0,NORMAL
Daily,lexicon,Burkina Faso,2026-07-25,0.0,0.0,0.0,NORMAL,0.0,NORMAL,0.0,NORMAL
Daily,lexicon,Burundi,2026-07-25,0.0,0.0,-0.0,NORMAL,-0.0,NORMAL,0.0,NORMAL
Daily,lexicon,Cambodia,2026-07-25,0.0,0.0,-0.0,NORMAL,-0.0,NORMAL,0.0,NORMAL
Daily,lexicon,Cameroon,2026-07-25,0.0,0.0,0.0,NORMAL,0.0,NORMAL,0.0,NORMAL
Daily,lexicon,Canada,2026-07-25,0.0,0.0,-0.09,NORMAL,-0.09,NORMAL,0.0,NORMAL
Daily,lexicon,Cape Verde,2026-07-25,0.0,0.0,-0.0,NORMAL,-0.0,NORMAL,0.0,NORMAL
Daily,lexicon,Cayman Islands,2026-07-25,0.0,0.0,0.0,NORMAL,0.0,NORMAL,0.0,NORMAL
Daily,lexicon,Central African Republic,2026-07-25,0.0,0.0,-0.0,NORMAL,-0.0,NORMAL,0.0,NORMAL
Daily,lexicon,Chad,2026-07-25,0.0,0.0,-0.0,NORMAL,-0.0,NORMAL,0.0,NORMAL
Daily,lexicon,Chile,2026-07-25,0.0,0.0,-0.0,NORMAL,-0.0,NORMAL,0.0,NORMAL
Daily,lexicon,China,2026-07-25,0.0,0.0,-0.0,NORMAL,-0.0,NORMAL,0.0,NORMAL
Daily,lexicon,Colombia,2026-07-25,0.0,0.0,-0.0,NORMAL,-0.0,NORMAL,0.0,NORMAL
Daily,lexicon,Comoros,2026-07-25,0.0,0.0,0.0,NORMAL,0.0,NORMAL,0.0,NORMAL
Daily,lexicon,Congo - Brazzaville,2026-07-25,0.0,0.0,0.0,NORMAL,0.0,NORMAL,0.0,NORMAL
Daily,lexicon,Congo - Kinshasa,2026-07-25,0.0,0.0,-0.0,NORMAL,-0.0,NORMAL,0.0,NORMAL
Daily,lexicon,Cook Islands,2026-07-25,0.0,0.0,0.0,NORMAL,0.0,NORMAL,0.0,NORMAL
Daily,lexicon,Costa Rica,2026-07-25,0.0,0.0,-0.0,NORMAL,-0.0,NORMAL,0.0,NORMAL
Daily,lexicon,Croatia,2026-07-25,0.0,0.0,0.0,NORMAL,0.0,NORMAL,0.0,NORMAL
Daily,lexicon,Cuba,2026-07-25,0.0,0.0,-0.01,NORMAL,-0.01,NORMAL,0.0,NORMAL
Daily,lexicon,Curaçao,2026-07-25,0.0,0.0,0.0,NORMAL,0.0,NORMAL,0.0,NORMAL
Daily,lexicon,Cyprus,2026-07-25,0.0,0.0,0.0,NORMAL,0.0,NORMAL,0.0,NORMAL
Daily,lexicon,Czechia,2026-07-25,0.0,0.0,-0.0,NORMAL,-0.0,NORMAL,0.0,NORMAL
Daily,lexicon,Côte d’Ivoire,2026-07-25,0.0,0.0,0.0,NORMAL,0.0,NORMAL,0.0,NORMAL
Daily,lexicon,Denmark,2026-07-25,0.0,0.0,-0.0,NORMAL,-0.0,NORMAL,0.0,NORMAL
Daily,lexicon,Djibouti,2026-07-25,0.0,0.0,-0.0,NORMAL,-0.0,NORMAL,0.0,NORMAL
Daily,lexicon,Dominica,2026-07-25,0.0,0.0,0.0,NORMAL,0.0,NORMAL,0.0,NORMAL
Daily,lexicon,Dominican Republic,2026-07-25,0.0,0.0,-0.0,NORMAL,-0.0,NORMAL,0.0,NORMAL
Daily,lexicon,Ecuador,2026-07-25,0.0,0.0,0.0,NORMAL,0.0,NORMAL,0.0,NORMAL
Daily,lexicon,Egypt,2026-07-25,0.0,0.0,-0.06,NORMAL,-0.06,NORMAL,0.0,NORMAL
Daily,lexicon,El Salvador,2026-07-25,0.0,0.0,-0.0,NORMAL,-0.0,NORMAL,0.0,NORMAL
Daily,lexicon,Equatorial Guinea,2026-07-25,0.0,0.0,0.0,NORMAL,0.0,NORMAL,0.0,NORMAL
Daily,lexicon,Eritrea,2026-07-25,0.0,0.0,0.0,NORMAL,0.0,NORMAL,0.0,NORMAL
Daily,lexicon,Estonia,2026-07-25,0.0,0.0,0.0,NORMAL,0.0,NORMAL,0.0,NORMAL
Daily,lexicon,Eswatini,2026-07-25,0.0,0.0,-0.06,NORMAL,-0.06,NORMAL,0.0,NORMAL
Daily,lexicon,Ethiopia,2026-07-25,0.0,0.0,-0.0,NORMAL,-0.0,NORMAL,0.0,NORMAL
Daily,lexicon,Faroe Islands,2026-07-25,0.0,0.0,0.0,NORMAL,0.0,NORMAL,0.0,NORMAL
Daily,lexicon,Fiji,2026-07-25,0.0,0.0,-0.02,NORMAL,-0.02,NORMAL,0.0,NORMAL
Daily,lexicon,Finland,2026-07-25,0.0,0.0,0.0,NORMAL,0.0,NORMAL,0.0,NORMAL
Daily,lexicon,France,2026-07-25,0.0,0.0,-0.05,NORMAL,-0.05,NORMAL,0.0,NORMAL
Daily,lexicon,French Polynesia,2026-07-25,0.0,0.0,0.0,NORMAL,0.0,NORMAL,0.0,NORMAL
Daily,lexicon,Gabon,2026-07-25,0.0,0.0,-0.0,NORMAL,-0.0,NORMAL,0.0,NORMAL
Daily,lexicon,Gambia,2026-07-25,0.0,0.0,0.0,NORMAL,0.0,NORMAL,0.0,NORMAL
Daily,lexicon,Georgia,2026-07-25,0.0,0.0,-0.0,NORMAL,-0.0,NORMAL,0.0,NORMAL
Daily,lexicon,Germany,2026-07-25,0.0,0.0,-0.13,NORMAL,-0.13,NORMAL,0.0,NORMAL
Daily,lexicon,Ghana,2026-07-25,0.0,0.0,0.0,NORMAL,0.0,NORMAL,0.0,NORMAL
Daily,lexicon,Gibraltar,2026-07-25,0.0,0.0,0.0,NORMAL,0.0,NORMAL,0.0,NORMAL
Daily,lexicon,Greece,2026-07-25,0.0,0.0,-0.08,NORMAL,-0.08,NORMAL,0.0,NORMAL
Daily,lexicon,Greenland,2026-07-25,0.0,0.0,-0.04,NORMAL,-0.04,NORMAL,0.0,NORMAL
Daily,lexicon,Grenada,2026-07-25,0.0,0.0,-0.0,NORMAL,-0.0,NORMAL,0.0,NORMAL
Daily,lexicon,Guadeloupe,2026-07-25,0.0,0.0,0.0,NORMAL,0.0,NORMAL,0.0,NORMAL
Daily,lexicon,Guam,2026-07-25,0.0,0.0,-0.0,NORMAL,-0.0,NORMAL,0.0,NORMAL
Daily,lexicon,Guatemala,2026-07-25,0.0,0.0,0.0,NORMAL,0.0,NORMAL,0.0,NORMAL
Daily,lexicon,Guinea,2026-07-25,0.0,0.0,-0.0,NORMAL,-0.0,NORMAL,0.0,NORMAL
Daily,lexicon,Guinea-Bissau,2026-07-25,0.0,0.0,0.0,NORMAL,0.0,NORMAL,0.0,NORMAL
Daily,lexicon,Guyana,2026-07-25,0.0,0.0,-0.0,NORMAL,-0.0,NORMAL,0.0,NORMAL
Daily,lexicon,Haiti,2026-07-25,0.0,0.0,0.0,NORMAL,0.0,NORMAL,0.0,NORMAL
Daily,lexicon,Honduras,2026-07-25,0.0,0.0,0.0,NORMAL,0.0,NORMAL,0.0,NORMAL
Daily,lexicon,Hungary,2026-07-25,0.0,0.0,-0.01,NORMAL,-0.01,NORMAL,0.0,NORMAL
Daily,lexicon,Iceland,2026-07-25,0.0,0.0,0.0,NORMAL,0.0,NORMAL,0.0,NORMAL
Daily,lexicon,India,2026-07-25,0.0,0.0,-0.06,NORMAL,-0.06,NORMAL,0.0,NORMAL
Daily,lexicon,Indonesia,2026-07-25,0.0,0.0,-0.03,NORMAL,-0.03,NORMAL,0.0,NORMAL
Daily,lexicon,Iran,2026-07-25,0.0,0.0001,-0.22,NORMAL,-0.22,NORMAL,0.0,NORMAL
Daily,lexicon,Iraq,2026-07-25,0.0,0.0,-0.07,NORMAL,-0.07,NORMAL,0.0,NORMAL
Daily,lexicon,Ireland,2026-07-25,0.0,0.0,0.0,NORMAL,0.0,NORMAL,0.0,NORMAL
Daily,lexicon,Israel,2026-07-25,0.0,0.0,-0.15,NORMAL,-0.15,NORMAL,0.0,NORMAL
Daily,lexicon,Italy,2026-07-25,0.0,0.0,-0.0,NORMAL,-0.0,NORMAL,0.0,NORMAL
Daily,lexicon,Jamaica,2026-07-25,0.0,0.0,0.0,NORMAL,0.0,NORMAL,0.0,NORMAL
Daily,lexicon,Japan,2026-07-25,0.0,0.0002,-0.18,NORMAL,0.19,NORMAL,0.0,NORMAL
Daily,lexicon,Jordan,2026-07-25,0.0,0.0,-0.0,NORMAL,-0.0,NORMAL,0.0,NORMAL
Daily,lexicon,Kazakhstan,2026-07-25,0.0,0.0,-0.0,NORMAL,-0.0,NORMAL,0.0,NORMAL
Daily,lexicon,Kenya,2026-07-25,0.0,0.0,-0.0,NORMAL,-0.0,NORMAL,0.0,NORMAL
Daily,lexicon,Kiribati,2026-07-25,0.0,0.0,0.0,NORMAL,0.0,NORMAL,0.0,NORMAL
Daily,lexicon,Kuwait,2026-07-25,0.0,0.0,0.0,NORMAL,0.0,NORMAL,0.0,NORMAL
Daily,lexicon,Kyrgyzstan,2026-07-25,0.0,0.0,-0.0,NORMAL,-0.0,NORMAL,0.0,NORMAL
Daily,lexicon,Laos,2026-07-25,0.0,0.0,-0.0,NORMAL,-0.0,NORMAL,0.0,NORMAL
Daily,lexicon,Latvia,2026-07-25,0.0,0.0,0.0,NORMAL,0.0,NORMAL,0.0,NORMAL
Daily,lexicon,Lebanon,2026-07-25,0.0,0.0,-0.0,NORMAL,-0.0,NORMAL,0.0,NORMAL
Daily,lexicon,Lesotho,2026-07-25,0.0,0.0,0.0,NORMAL,0.0,NORMAL,0.0,NORMAL
Daily,lexicon,Liberia,2026-07-25,0.0,0.0,0.0,NORMAL,0.0,NORMAL,0.0,NORMAL
Daily,lexicon,Libya,2026-07-25,0.0,0.0,-0.0,NORMAL,-0.0,NORMAL,0.0,NORMAL
Daily,lexicon,Liechtenstein,2026-07-25,0.0,0.0,0.0,NORMAL,0.0,NORMAL,0.0,NORMAL
Daily,lexicon,Lithuania,2026-07-25,0.0,0.0,-0.0,NORMAL,-0.0,NORMAL,0.0,NORMAL
Daily,lexicon,Luxembourg,2026-07-25,0.0,0.0,0.0,NORMAL,0.0,NORMAL,0.0,NORMAL
Daily,lexicon,Madagascar,2026-07-25,0.0,0.0,-0.0,NORMAL,-0.0,NORMAL,0.0,NORMAL
Daily,lexicon,Malawi,2026-07-25,0.0,0.0,-0.0,NORMAL,-0.0,NORMAL,0.0,NORMAL
Daily,lexicon,Malaysia,2026-07-25,0.0,0.0,-0.0,NORMAL,-0.0,NORMAL,0.0,NORMAL
Daily,lexicon,Maldives,2026-07-25,0.0,0.0,-0.0,NORMAL,-0.0,NORMAL,0.0,NORMAL
Daily,lexicon,Mali,2026-07-25,0.0,0.0,-0.0,NORMAL,-0.0,NORMAL,0.0,NORMAL
Daily,lexicon,Malta,2026-07-25,0.0,0.0,0.0,NORMAL,0.0,NORMAL,0.0,NORMAL
Daily,lexicon,Marshall Islands,2026-07-25,0.0,0.0,0.0,NORMAL,0.0,NORMAL,0.0,NORMAL
Daily,lexicon,Martinique,2026-07-25,0.0,0.0,0.0,NORMAL,0.0,NORMAL,0.0,NORMAL
Daily,lexicon,Mauritania,2026-07-25,0.0,0.0,-0.0,NORMAL,-0.0,NORMAL,0.0,NORMAL
Daily,lexicon,Mauritius,2026-07-25,0.0,0.0,0.0,NORMAL,0.0,NORMAL,0.0,NORMAL
Daily,lexicon,Mexico,2026-07-25,0.0,0.0,-0.09,NORMAL,-0.09,NORMAL,0.0,NORMAL
Daily,lexicon,Micronesia (Federated States of),2026-07-25,0.0,0.0,0.0,NORMAL,0.0,NORMAL,0.0,NORMAL
Daily,lexicon,Moldova,2026-07-25,0.0,0.0,0.0,NORMAL,0.0,NORMAL,0.0,NORMAL
Daily,lexicon,Monaco,2026-07-25,0.0,0.0,0.0,NORMAL,0.0,NORMAL,0.0,NORMAL
Daily,lexicon,Mongolia,2026-07-25,0.0,0.0,-0.0,NORMAL,-0.0,NORMAL,0.0,NORMAL
Daily,lexicon,Montenegro,2026-07-25,0.0,0.0,0.0,NORMAL,0.0,NORMAL,0.0,NORMAL
Daily,lexicon,Morocco,2026-07-25,0.0,0.0,-0.0,NORMAL,-0.0,NORMAL,0.0,NORMAL
Daily,lexicon,Mozambique,2026-07-25,0.0,0.0,-0.0,NORMAL,-0.0,NORMAL,0.0,NORMAL
Daily,lexicon,Myanmar (Burma),2026-07-25,0.0,0.0,-0.05,NORMAL,-0.05,NORMAL,0.0,NORMAL
Daily,lexicon,Namibia,2026-07-25,0.0,0.0,0.0,NORMAL,0.0,NORMAL,0.0,NORMAL
Daily,lexicon,Nauru,2026-07-25,0.0,0.0,-0.02,NORMAL,-0.02,NORMAL,0.0,NORMAL
Daily,lexicon,Nepal,2026-07-25,0.0,0.0,-0.05,NORMAL,-0.05,NORMAL,0.0,NORMAL
Daily,lexicon,Netherlands,2026-07-25,0.0,0.0,-0.0,NORMAL,-0.0,NORMAL,0.0,NORMAL
Daily,lexicon,New Caledonia,2026-07-25,0.0,0.0,0.0,NORMAL,0.0,NORMAL,0.0,NORMAL
Daily,lexicon,New Zealand,2026-07-25,0.0,0.0,-0.0,NORMAL,-0.0,NORMAL,0.0,NORMAL
Daily,lexicon,Nicaragua,2026-07-25,0.0,0.0,0.0,NORMAL,0.0,NORMAL,0.0,NORMAL
Daily,lexicon,Niger,2026-07-25,0.0,0.0,-0.0,NORMAL,-0.0,NORMAL,0.0,NORMAL
Daily,lexicon,Nigeria,2026-07-25,0.0,0.0,-0.0,NORMAL,-0.0,NORMAL,0.0,NORMAL
Daily,lexicon,Niue,2026-07-25,0.0,0.0,0.0,NORMAL,0.0,NORMAL,0.0,NORMAL
Daily,lexicon,North Korea,2026-07-25,0.0,0.0,-0.03,NORMAL,-0.03,NORMAL,0.0,NORMAL
Daily,lexicon,North Macedonia,2026-07-25,0.0,0.0,0.0,NORMAL,0.0,NORMAL,0.0,NORMAL
Daily,lexicon,Northern Mariana Islands,2026-07-25,0.0,0.0,0.0,NORMAL,0.0,NORMAL,0.0,NORMAL
Daily,lexicon,Norway,2026-07-25,0.0,0.0,-0.02,NORMAL,-0.02,NORMAL,0.0,NORMAL
Daily,lexicon,Oman,2026-07-25,0.0,0.0,-0.02,NORMAL,-0.02,NORMAL,0.0,NORMAL
Daily,lexicon,Pakistan,2026-07-25,0.0,0.0,-0.06,NORMAL,-0.06,NORMAL,0.0,NORMAL
Daily,lexicon,Palau,2026-07-25,0.0,0.0,0.0,NORMAL,0.0,NORMAL,0.0,NORMAL
Daily,lexicon,Palestinian Territories,2026-07-25,0.0,0.0,-0.08,NORMAL,-0.08,NORMAL,0.0,NORMAL
Daily,lexicon,Panama,2026-07-25,0.0,0.0,-0.03,NORMAL,-0.03,NORMAL,0.0,NORMAL
Daily,lexicon,Papua New Guinea,2026-07-25,0.0,0.0,-0.0,NORMAL,-0.0,NORMAL,0.0,NORMAL
Daily,lexicon,Paraguay,2026-07-25,0.0,0.0,-0.0,NORMAL,-0.0,NORMAL,0.0,NORMAL
Daily,lexicon,Peru,2026-07-25,0.0,0.0,-0.0,NORMAL,-0.0,NORMAL,0.0,NORMAL
Daily,lexicon,Philippines,2026-07-25,0.0,0.0001,1.08,NORMAL,1.54,NORMAL,6.55,RED
Daily,lexicon,Poland,2026-07-25,0.0,0.0,-0.0,NORMAL,-0.0,NORMAL,0.0,NORMAL
Daily,lexicon,Portugal,2026-07-25,0.0,0.0,-0.0,NORMAL,-0.0,NORMAL,0.0,NORMAL
Daily,lexicon,Puerto Rico,2026-07-25,0.0,0.0,0.0,NORMAL,0.0,NORMAL,0.0,NORMAL
Daily,lexicon,Qatar,2026-07-25,0.0,0.0,-0.06,NORMAL,-0.06,NORMAL,0.0,NORMAL
Daily,lexicon,Romania,2026-07-25,0.0,0.0,0.0,NORMAL,0.0,NORMAL,0.0,NORMAL
Daily,lexicon,Russia,2026-07-25,0.0,0.0,-0.1,NORMAL,-0.1,NORMAL,0.0,NORMAL
Daily,lexicon,Rwanda,2026-07-25,0.0,0.0,-0.0,NORMAL,-0.0,NORMAL,0.0,NORMAL
Daily,lexicon,Réunion,2026-07-25,0.0,0.0,0.0,NORMAL,0.0,NORMAL,0.0,NORMAL
Daily,lexicon,Samoa,2026-07-25,0.0,0.0,0.0,NORMAL,0.0,NORMAL,0.0,NORMAL
Daily,lexicon,San Marino,2026-07-25,0.0,0.0,0.0,NORMAL,0.0,NORMAL,0.0,NORMAL
Daily,lexicon,Saudi Arabia,2026-07-25,0.0,0.0,-0.04,NORMAL,-0.04,NORMAL,0.0,NORMAL
Daily,lexicon,Senegal,2026-07-25,0.0,0.0,-0.0,NORMAL,-0.0,NORMAL,0.0,NORMAL
Daily,lexicon,Serbia,2026-07-25,0.0,0.0,-0.0,NORMAL,-0.0,NORMAL,0.0,NORMAL
Daily,lexicon,Seychelles,2026-07-25,0.0,0.0,0.0,NORMAL,0.0,NORMAL,0.0,NORMAL
Daily,lexicon,Sierra Leone,2026-07-25,0.0,0.0,-0.0,NORMAL,-0.0,NORMAL,0.0,NORMAL
Daily,lexicon,Singapore,2026-07-25,0.0,0.0,-0.0,NORMAL,-0.0,NORMAL,0.0,NORMAL
Daily,lexicon,Slovakia,2026-07-25,0.0,0.0,-0.0,NORMAL,-0.0,NORMAL,0.0,NORMAL
Daily,lexicon,Slovenia,2026-07-25,0.0,0.0,0.0,NORMAL,0.0,NORMAL,0.0,NORMAL
Daily,lexicon,Solomon Islands,2026-07-25,0.0,0.0,0.0,NORMAL,0.0,NORMAL,0.0,NORMAL
Daily,lexicon,Somalia,2026-07-25,0.0,0.0,-0.0,NORMAL,-0.0,NORMAL,0.0,NORMAL
Daily,lexicon,South Africa,2026-07-25,0.0,0.0,-0.05,NORMAL,-0.05,NORMAL,0.0,NORMAL
Daily,lexicon,South Korea,2026-07-25,0.0,0.0,-0.13,NORMAL,-0.13,NORMAL,0.0,NORMAL
Daily,lexicon,South Sudan,2026-07-25,0.0,0.0,-0.0,NORMAL,-0.0,NORMAL,0.0,NORMAL
Daily,lexicon,Spain,2026-07-25,0.0,0.0,-0.01,NORMAL,-0.01,NORMAL,0.0,NORMAL
Daily,lexicon,Sri Lanka,2026-07-25,0.0,0.0,-0.0,NORMAL,-0.0,NORMAL,0.0,NORMAL
Daily,lexicon,St. Helena,2026-07-25,0.0,0.0,0.0,NORMAL,0.0,NORMAL,0.0,NORMAL
Daily,lexicon,St. Kitts & Nevis,2026-07-25,0.0,0.0,0.0,NORMAL,0.0,NORMAL,0.0,NORMAL
Daily,lexicon,St. Lucia,2026-07-25,0.0,0.0,0.0,NORMAL,0.0,NORMAL,0.0,NORMAL
Daily,lexicon,St. Vincent & Grenadines,2026-07-25,0.0,0.0,0.0,NORMAL,0.0,NORMAL,0.0,NORMAL
Daily,lexicon,Sudan,2026-07-25,0.0,0.0,-0.0,NORMAL,-0.0,NORMAL,0.0,NORMAL
Daily,lexicon,Suriname,2026-07-25,0.0,0.0,-0.0,NORMAL,-0.0,NORMAL,0.0,NORMAL
Daily,lexicon,Svalbard & Jan Mayen,2026-07-25,0.0,0.0,0.0,NORMAL,0.0,NORMAL,0.0,NORMAL
Daily,lexicon,Sweden,2026-07-25,0.0,0.0,-0.0,NORMAL,-0.0,NORMAL,0.0,NORMAL
Daily,lexicon,Switzerland,2026-07-25,0.0,0.0,-0.0,NORMAL,-0.0,NORMAL,0.0,NORMAL
Daily,lexicon,Syria,2026-07-25,0.0,0.0,-0.0,NORMAL,-0.0,NORMAL,0.0,NORMAL
Daily,lexicon,São Tomé & Príncipe,2026-07-25,0.0,0.0,0.0,NORMAL,0.0,NORMAL,0.0,NORMAL
Daily,lexicon,Taiwan,2026-07-25,0.0,0.0001,-0.16,NORMAL,-0.16,NORMAL,0.0,NORMAL
Daily,lexicon,Tajikistan,2026-07-25,0.0,0.0,-0.0,NORMAL,-0.0,NORMAL,0.0,NORMAL
Daily,lexicon,Tanzania,2026-07-25,0.0,0.0,-0.0,NORMAL,-0.0,NORMAL,0.0,NORMAL
Daily,lexicon,Thailand,2026-07-25,0.0,0.0,-0.06,NORMAL,-0.06,NORMAL,0.0,NORMAL
Daily,lexicon,Timor-Leste,2026-07-25,0.0,0.0,-0.0,NORMAL,-0.0,NORMAL,0.0,NORMAL
Daily,lexicon,Togo,2026-07-25,0.0,0.0,0.0,NORMAL,0.0,NORMAL,0.0,NORMAL
Daily,lexicon,Tonga,2026-07-25,0.0,0.0,-0.0,NORMAL,-0.0,NORMAL,0.0,NORMAL
Daily,lexicon,Trinidad & Tobago,2026-07-25,0.0,0.0,0.0,NORMAL,0.0,NORMAL,0.0,NORMAL
Daily,lexicon,Tunisia,2026-07-25,0.0,0.0,-0.0,NORMAL,-0.0,NORMAL,0.0,NORMAL
Daily,lexicon,Turkey,2026-07-25,0.0,0.0,-0.08,NORMAL,-0.08,NORMAL,0.0,NORMAL
Daily,lexicon,Turkmenistan,2026-07-25,0.0,0.0,-0.0,NORMAL,-0.0,NORMAL,0.0,NORMAL
Daily,lexicon,Tuvalu,2026-07-25,0.0,0.0,0.0,NORMAL,0.0,NORMAL,0.0,NORMAL
Daily,lexicon,UK,2026-07-25,0.0,0.0,-0.15,NORMAL,-0.15,NORMAL,3.58,YELLOW
Daily,lexicon,US,2026-07-25,0.0,0.0001,-0.32,NORMAL,-0.32,NORMAL,0.0,NORMAL
Daily,lexicon,Uganda,2026-07-25,0.0,0.0,0.0,NORMAL,0.0,NORMAL,0.0,NORMAL
Daily,lexicon,Ukraine,2026-07-25,0.0,0.0,-0.09,NORMAL,-0.09,NORMAL,4.55,YELLOW
Daily,lexicon,United Arab Emirates,2026-07-25,0.0,0.0,-0.03,NORMAL,-0.03,NORMAL,0.0,NORMAL
Daily,lexicon,Uruguay,2026-07-25,0.0,0.0,-0.0,NORMAL,-0.0,NORMAL,0.0,NORMAL
Daily,lexicon,Uzbekistan,2026-07-25,0.0,0.0,-0.0,NORMAL,-0.0,NORMAL,0.0,NORMAL
Daily,lexicon,Vanuatu,2026-07-25,0.0,0.0,0.0,NORMAL,0.0,NORMAL,0.0,NORMAL
Daily,lexicon,Vatican City,2026-07-25,0.0,0.0,0.0,NORMAL,0.0,NORMAL,0.0,NORMAL
Daily,lexicon,Venezuela,2026-07-25,0.0,0.0,-0.09,NORMAL,-0.09,NORMAL,0.0,NORMAL
Daily,lexicon,Vietnam,2026-07-25,0.0,0.0,-0.04,NORMAL,-0.04,NORMAL,0.0,NORMAL
Daily,lexicon,Western Sahara,2026-07-25,0.0,0.0,0.0,NORMAL,0.0,NORMAL,0.0,NORMAL
Daily,lexicon,Yemen,2026-07-25,0.0,0.0,-0.0,NORMAL,-0.0,NORMAL,0.0,NORMAL
Daily,lexicon,Zambia,2026-07-25,0.0,0.0,-0.0,NORMAL,-0.0,NORMAL,0.0,NORMAL
Daily,lexicon,Zimbabwe,2026-07-25,0.0,0.0,-0.0,NORMAL,-0.0,NORMAL,0.0,NORMAL
Daily,lss,Afghanistan,2026-07-25,0.0,-0.0026,0.04,NORMAL,0.04,NORMAL,0.0,NORMAL
Daily,lss,Albania,2026-07-25,0.0,-0.0038,0.04,NORMAL,0.04,NORMAL,0.0,NORMAL
Daily,lss,Algeria,2026-07-25,0.0,-0.0084,0.08,NORMAL,0.08,NORMAL,0.0,NORMAL
Daily,lss,American Samoa,2026-07-25,0.0,-0.0,0.0,NORMAL,0.0,NORMAL,0.0,NORMAL
Daily,lss,Andorra,2026-07-25,0.0,-0.0005,0.01,NORMAL,0.01,NORMAL,0.0,NORMAL
Daily,lss,Angola,2026-07-25,0.0,-0.0043,0.04,NORMAL,0.04,NORMAL,0.0,NORMAL
Daily,lss,Antarctica,2026-07-25,0.0,-0.0002,0.03,NORMAL,0.03,NORMAL,0.0,NORMAL
Daily,lss,Antigua & Barbuda,2026-07-25,0.0,-0.0019,0.13,NORMAL,0.13,NORMAL,0.0,NORMAL
Daily,lss,Argentina,2026-07-25,0.0,-0.0155,0.09,NORMAL,0.07,NORMAL,0.0,NORMAL
Daily,lss,Armenia,2026-07-25,0.0,-0.004,0.03,NORMAL,0.03,NORMAL,0.0,NORMAL
Daily,lss,Aruba,2026-07-25,0.0,-0.0,0.0,NORMAL,0.0,NORMAL,0.0,NORMAL
Daily,lss,Australia,2026-07-25,0.0,-0.0444,0.14,NORMAL,0.15,NORMAL,0.0,NORMAL
Daily,lss,Austria,2026-07-25,0.0,-0.0173,0.11,NORMAL,0.11,NORMAL,0.0,NORMAL
Daily,lss,Azerbaijan,2026-07-25,0.0,-0.0102,0.08,NORMAL,0.08,NORMAL,0.0,NORMAL
Daily,lss,Bahamas,2026-07-25,0.0,-0.0005,0.01,NORMAL,0.01,NORMAL,0.0,NORMAL
Daily,lss,Bahrain,2026-07-25,0.0,-0.0028,0.1,NORMAL,0.1,NORMAL,0.0,NORMAL
Daily,lss,Bangladesh,2026-07-25,0.0,-0.0164,0.1,NORMAL,0.1,NORMAL,0.0,NORMAL
Daily,lss,Barbados,2026-07-25,0.0,-0.0009,1.49,NORMAL,1.49,NORMAL,0.0,NORMAL
Daily,lss,Belarus,2026-07-25,-0.0194,-0.0208,0.07,NORMAL,0.08,NORMAL,0.0,NORMAL
Daily,lss,Belgium,2026-07-25,0.0,-0.0246,0.11,NORMAL,0.11,NORMAL,0.0,NORMAL
Daily,lss,Belize,2026-07-25,0.0,0.0,-0.0,NORMAL,-0.0,NORMAL,0.0,NORMAL
Daily,lss,Benin,2026-07-25,0.0,-0.0056,0.05,NORMAL,0.05,NORMAL,0.0,NORMAL
Daily,lss,Bermuda,2026-07-25,0.0,-0.0,0.0,NORMAL,0.0,NORMAL,0.0,NORMAL
Daily,lss,Bhutan,2026-07-25,0.0,-0.0002,0.0,NORMAL,0.0,NORMAL,0.0,NORMAL
Daily,lss,Bolivia,2026-07-25,0.0,-0.0064,0.04,NORMAL,0.04,NORMAL,0.0,NORMAL
Daily,lss,Bosnia & Herzegovina,2026-07-25,0.0,-0.0042,0.09,NORMAL,0.09,NORMAL,0.0,NORMAL
Daily,lss,Botswana,2026-07-25,0.0,-0.0044,0.1,NORMAL,0.1,NORMAL,0.0,NORMAL
Daily,lss,Brazil,2026-07-25,0.0,-0.0492,0.17,NORMAL,0.16,NORMAL,0.0,NORMAL
Daily,lss,British Virgin Islands,2026-07-25,0.0,0.0,-0.0,NORMAL,-0.0,NORMAL,0.0,NORMAL
Daily,lss,Brunei,2026-07-25,0.0,-0.0099,0.11,NORMAL,0.11,NORMAL,0.0,NORMAL
Daily,lss,Bulgaria,2026-07-25,0.0,-0.0107,0.11,NORMAL,0.11,NORMAL,0.0,NORMAL
Daily,lss,Burkina Faso,2026-07-25,0.0,-0.0023,0.03,NORMAL,0.03,NORMAL,0.0,NORMAL
Daily,lss,Burundi,2026-07-25,0.0,-0.0036,0.05,NORMAL,0.01,NORMAL,0.0,NORMAL
Daily,lss,Cambodia,2026-07-25,0.0059,-0.0663,0.16,NORMAL,0.16,NORMAL,0.0,NORMAL
Daily,lss,Cameroon,2026-07-25,0.0,-0.0054,0.04,NORMAL,0.04,NORMAL,0.0,NORMAL
Daily,lss,Canada,2026-07-25,0.0,-0.0334,0.09,NORMAL,0.09,NORMAL,0.0,NORMAL
Daily,lss,Cape Verde,2026-07-25,0.0,-0.0013,0.03,NORMAL,-0.04,NORMAL,0.0,NORMAL
Daily,lss,Cayman Islands,2026-07-25,0.0,0.0,-0.0,NORMAL,-0.0,NORMAL,0.0,NORMAL
Daily,lss,Central African Republic,2026-07-25,0.0,-0.0006,0.5,NORMAL,0.5,NORMAL,0.0,NORMAL
Daily,lss,Chad,2026-07-25,0.0,-0.001,0.13,NORMAL,0.13,NORMAL,0.0,NORMAL
Daily,lss,Chile,2026-07-25,0.0,-0.0217,0.13,NORMAL,0.13,NORMAL,0.0,NORMAL
Daily,lss,China,2026-07-25,0.0,0.0036,-0.03,NORMAL,-0.03,NORMAL,0.0,NORMAL
Daily,lss,Colombia,2026-07-25,0.0,-0.0189,0.11,NORMAL,0.11,NORMAL,0.0,NORMAL
Daily,lss,Comoros,2026-07-25,0.0,-0.0037,0.03,NORMAL,0.03,NORMAL,0.0,NORMAL
Daily,lss,Congo - Brazzaville,2026-07-25,0.0,-0.0043,0.1,NORMAL,0.1,NORMAL,0.0,NORMAL
Daily,lss,Congo - Kinshasa,2026-07-25,0.0,-0.002,0.05,NORMAL,0.05,NORMAL,0.0,NORMAL
Daily,lss,Cook Islands,2026-07-25,0.0,-0.0012,0.04,NORMAL,0.04,NORMAL,0.0,NORMAL
Daily,lss,Costa Rica,2026-07-25,0.0,-0.0007,0.05,NORMAL,0.05,NORMAL,0.0,NORMAL
Daily,lss,Croatia,2026-07-25,0.0,-0.0035,0.06,NORMAL,0.06,NORMAL,0.0,NORMAL
Daily,lss,Cuba,2026-07-25,0.0,-0.0184,0.1,NORMAL,0.1,NORMAL,0.0,NORMAL
Daily,lss,Curaçao,2026-07-25,0.0,0.0,0.0,NORMAL,0.0,NORMAL,0.0,NORMAL
Daily,lss,Cyprus,2026-07-25,0.0,-0.0052,0.06,NORMAL,0.07,NORMAL,0.0,NORMAL
Daily,lss,Czechia,2026-07-25,0.0,-0.0055,0.01,NORMAL,0.03,NORMAL,0.0,NORMAL
Daily,lss,Côte d’Ivoire,2026-07-25,0.0,-0.0106,0.1,NORMAL,0.1,NORMAL,0.0,NORMAL
Daily,lss,Denmark,2026-07-25,0.0,-0.0146,0.14,NORMAL,0.12,NORMAL,0.0,NORMAL
Daily,lss,Djibouti,2026-07-25,0.0,-0.008,0.01,NORMAL,0.04,NORMAL,0.0,NORMAL
Daily,lss,Dominica,2026-07-25,0.0,-0.0044,0.05,NORMAL,0.05,NORMAL,0.0,NORMAL
Daily,lss,Dominican Republic,2026-07-25,0.0,-0.0034,0.03,NORMAL,0.03,NORMAL,0.0,NORMAL
Daily,lss,Ecuador,2026-07-25,0.0,-0.0078,0.13,NORMAL,0.11,NORMAL,0.0,NORMAL
Daily,lss,Egypt,2026-07-25,0.0,-0.053,0.18,NORMAL,0.18,NORMAL,0.0,NORMAL
Daily,lss,El Salvador,2026-07-25,0.0,-0.0002,0.01,NORMAL,0.01,NORMAL,0.0,NORMAL
Daily,lss,Equatorial Guinea,2026-07-25,0.0,-0.0025,0.03,NORMAL,0.03,NORMAL,0.0,NORMAL
Daily,lss,Eritrea,2026-07-25,0.0,-0.0023,0.86,NORMAL,0.86,NORMAL,0.0,NORMAL
Daily,lss,Estonia,2026-07-25,0.0,0.0001,-0.0,NORMAL,-0.0,NORMAL,0.0,NORMAL
Daily,lss,Eswatini,2026-07-25,0.0,0.0008,-0.16,NORMAL,-0.16,NORMAL,0.0,NORMAL
Daily,lss,Ethiopia,2026-07-25,0.0,-0.0186,0.11,NORMAL,0.11,NORMAL,0.0,NORMAL
Daily,lss,Faroe Islands,2026-07-25,0.0,-0.0001,0.04,NORMAL,0.04,NORMAL,0.0,NORMAL
Daily,lss,Fiji,2026-07-25,0.0,-0.0054,0.03,NORMAL,0.03,NORMAL,0.0,NORMAL
Daily,lss,Finland,2026-07-25,0.0,-0.0032,0.05,NORMAL,0.05,NORMAL,0.0,NORMAL
Daily,lss,France,2026-07-25,-0.038,-0.1377,0.27,NORMAL,0.29,NORMAL,13.69,RED
Daily,lss,French Polynesia,2026-07-25,0.0,0.0,-0.0,NORMAL,-0.0,NORMAL,0.0,NORMAL
Daily,lss,Gabon,2026-07-25,0.0,-0.0036,0.09,NORMAL,0.09,NORMAL,0.0,NORMAL
Daily,lss,Gambia,2026-07-25,0.0,-0.0069,0.02,NORMAL,0.03,NORMAL,0.0,NORMAL
Daily,lss,Georgia,2026-07-25,0.0,-0.0075,0.05,NORMAL,0.05,NORMAL,0.0,NORMAL
Daily,lss,Germany,2026-07-25,-0.0252,-0.1288,0.25,NORMAL,0.26,NORMAL,15.49,RED
Daily,lss,Ghana,2026-07-25,0.0,-0.0116,0.08,NORMAL,0.08,NORMAL,0.0,NORMAL
Daily,lss,Gibraltar,2026-07-25,0.0,-0.0,0.0,NORMAL,0.0,NORMAL,0.0,NORMAL
Daily,lss,Greece,2026-07-25,0.0,-0.0287,0.13,NORMAL,0.13,NORMAL,0.0,NORMAL
Daily,lss,Greenland,2026-07-25,0.0,0.0007,-0.16,NORMAL,-0.16,NORMAL,0.0,NORMAL
Daily,lss,Grenada,2026-07-25,0.0,-0.0016,0.02,NORMAL,0.02,NORMAL,0.0,NORMAL
Daily,lss,Guadeloupe,2026-07-25,0.0,0.0,0.0,NORMAL,0.0,NORMAL,0.0,NORMAL
Daily,lss,Guam,2026-07-25,0.0,-0.0001,0.0,NORMAL,0.0,NORMAL,0.0,NORMAL
Daily,lss,Guatemala,2026-07-25,0.0,0.0003,-0.0,NORMAL,-0.0,NORMAL,0.0,NORMAL
Daily,lss,Guinea,2026-07-25,0.0,-0.0066,0.08,NORMAL,0.08,NORMAL,0.0,NORMAL
Daily,lss,Guinea-Bissau,2026-07-25,0.0,-0.0011,0.6,NORMAL,0.6,NORMAL,0.0,NORMAL
Daily,lss,Guyana,2026-07-25,0.0,-0.0056,0.05,NORMAL,0.05,NORMAL,0.0,NORMAL
Daily,lss,Haiti,2026-07-25,0.0,0.0004,-0.5,NORMAL,-4.32,NORMAL,0.0,NORMAL
Daily,lss,Honduras,2026-07-25,0.0,-0.0021,1.67,NORMAL,1.67,NORMAL,0.0,NORMAL
Daily,lss,Hungary,2026-07-25,0.0,-0.03,0.1,NORMAL,0.11,NORMAL,0.0,NORMAL
Daily,lss,Iceland,2026-07-25,0.0,-0.0025,0.05,NORMAL,0.05,NORMAL,0.0,NORMAL
Daily,lss,India,2026-07-25,0.0,-0.0182,0.07,NORMAL,0.07,NORMAL,0.0,NORMAL
Daily,lss,Indonesia,2026-07-25,0.0,-0.0547,0.18,NORMAL,0.18,NORMAL,0.0,NORMAL
Daily,lss,Iran,2026-07-25,0.0129,0.0005,0.05,NORMAL,0.07,NORMAL,0.0,NORMAL
Daily,lss,Iraq,2026-07-25,0.0,-0.0187,0.11,NORMAL,0.12,NORMAL,0.0,NORMAL
Daily,lss,Ireland,2026-07-25,0.0,-0.0045,0.07,NORMAL,0.07,NORMAL,0.0,NORMAL
Daily,lss,Israel,2026-07-25,0.0129,0.0285,-0.1,NORMAL,-0.1,NORMAL,0.0,NORMAL
Daily,lss,Italy,2026-07-25,0.0,-0.073,0.2,NORMAL,0.21,NORMAL,0.0,NORMAL
Daily,lss,Jamaica,2026-07-25,0.0,-0.002,0.02,NORMAL,0.02,NORMAL,0.0,NORMAL
Daily,lss,Japan,2026-07-25,-0.0142,-0.0449,0.06,NORMAL,0.07,NORMAL,0.0,NORMAL
Daily,lss,Jordan,2026-07-25,0.0,-0.0059,0.1,NORMAL,0.1,NORMAL,0.0,NORMAL
Daily,lss,Kazakhstan,2026-07-25,0.0,-0.1008,0.24,NORMAL,0.25,NORMAL,0.0,NORMAL
Daily,lss,Kenya,2026-07-25,0.0,-0.0228,0.3,NORMAL,0.3,NORMAL,0.0,NORMAL
Daily,lss,Kiribati,2026-07-25,0.0,-0.0021,0.04,NORMAL,0.04,NORMAL,0.0,NORMAL
Daily,lss,Kuwait,2026-07-25,0.0,-0.0104,0.08,NORMAL,0.08,NORMAL,0.0,NORMAL
Daily,lss,Kyrgyzstan,2026-07-25,-0.0194,-0.0631,0.16,NORMAL,0.17,NORMAL,0.0,NORMAL
Daily,lss,Laos,2026-07-25,0.0,-0.0609,0.22,NORMAL,0.21,NORMAL,0.0,NORMAL
Daily,lss,Latvia,2026-07-25,0.0,-0.0028,-0.04,NORMAL,-0.01,NORMAL,0.0,NORMAL
Daily,lss,Lebanon,2026-07-25,0.0,-0.0055,0.04,NORMAL,0.04,NORMAL,0.0,NORMAL
Daily,lss,Lesotho,2026-07-25,0.0,-0.0006,0.01,NORMAL,0.01,NORMAL,0.0,NORMAL
Daily,lss,Liberia,2026-07-25,0.0,-0.002,0.04,NORMAL,0.04,NORMAL,0.0,NORMAL
Daily,lss,Libya,2026-07-25,0.0,0.0003,-1.07,NORMAL,-1.07,NORMAL,0.0,NORMAL
Daily,lss,Liechtenstein,2026-07-25,0.0,-0.0021,0.03,NORMAL,0.03,NORMAL,0.0,NORMAL
Daily,lss,Lithuania,2026-07-25,0.0,-0.0014,0.02,NORMAL,0.02,NORMAL,0.0,NORMAL
Daily,lss,Luxembourg,2026-07-25,0.0,-0.0044,0.05,NORMAL,0.05,NORMAL,0.0,NORMAL
Daily,lss,Madagascar,2026-07-25,0.0,-0.009,0.11,NORMAL,0.11,NORMAL,0.0,NORMAL
Daily,lss,Malawi,2026-07-25,0.0,-0.0025,0.03,NORMAL,0.03,NORMAL,0.0,NORMAL
Daily,lss,Malaysia,2026-07-25,-0.0109,-0.0756,0.16,NORMAL,0.17,NORMAL,0.0,NORMAL
Daily,lss,Maldives,2026-07-25,0.0,-0.0147,0.08,NORMAL,0.08,NORMAL,0.0,NORMAL
Daily,lss,Mali,2026-07-25,0.0,-0.0012,0.34,NORMAL,0.34,NORMAL,0.0,NORMAL
Daily,lss,Malta,2026-07-25,0.0,-0.0008,0.02,NORMAL,0.02,NORMAL,0.0,NORMAL
Daily,lss,Marshall Islands,2026-07-25,0.0,0.0002,-0.3,NORMAL,-0.3,NORMAL,0.0,NORMAL
Daily,lss,Martinique,2026-07-25,0.0,0.0,0.0,NORMAL,0.0,NORMAL,0.0,NORMAL
Daily,lss,Mauritania,2026-07-25,0.0,-0.0079,0.08,NORMAL,0.08,NORMAL,0.0,NORMAL
Daily,lss,Mauritius,2026-07-25,0.0,-0.0018,0.74,NORMAL,0.74,NORMAL,0.0,NORMAL
Daily,lss,Mexico,2026-07-25,0.0,-0.0187,0.07,NORMAL,0.05,NORMAL,0.0,NORMAL
Daily,lss,Micronesia (Federated States of),2026-07-25,0.0,-0.0015,0.03,NORMAL,0.03,NORMAL,0.0,NORMAL
Daily,lss,Moldova,2026-07-25,0.0,-0.0007,0.01,NORMAL,0.01,NORMAL,0.0,NORMAL
Daily,lss,Monaco,2026-07-25,0.0,-0.0008,0.01,NORMAL,0.01,NORMAL,0.0,NORMAL
Daily,lss,Mongolia,2026-07-25,0.0,-0.0462,0.1,NORMAL,0.1,NORMAL,0.0,NORMAL
Daily,lss,Montenegro,2026-07-25,0.0,-0.0013,0.02,NORMAL,0.02,NORMAL,0.0,NORMAL
Daily,lss,Morocco,2026-07-25,-0.0157,-0.0186,0.07,NORMAL,0.08,NORMAL,0.0,NORMAL
Daily,lss,Mozambique,2026-07-25,0.0,-0.0078,0.13,NORMAL,0.13,NORMAL,0.0,NORMAL
Daily,lss,Myanmar (Burma),2026-07-25,0.0,-0.0209,0.06,NORMAL,0.06,NORMAL,0.0,NORMAL
Daily,lss,Namibia,2026-07-25,0.0,-0.0113,-0.01,NORMAL,0.03,NORMAL,0.0,NORMAL
Daily,lss,Nauru,2026-07-25,0.0,-0.0018,0.02,NORMAL,0.02,NORMAL,0.0,NORMAL
Daily,lss,Nepal,2026-07-25,0.0,-0.0329,0.13,NORMAL,0.13,NORMAL,0.0,NORMAL
Daily,lss,Netherlands,2026-07-25,0.0,-0.0215,0.06,NORMAL,0.08,NORMAL,0.0,NORMAL
Daily,lss,New Caledonia,2026-07-25,0.0,0.0,0.0,NORMAL,0.0,NORMAL,0.0,NORMAL
Daily,lss,New Zealand,2026-07-25,0.0,-0.0377,0.13,NORMAL,0.13,NORMAL,0.0,NORMAL
Daily,lss,Nicaragua,2026-07-25,0.0,-0.0023,0.03,NORMAL,0.03,NORMAL,0.0,NORMAL
Daily,lss,Niger,2026-07-25,0.0,-0.0003,0.01,NORMAL,0.01,NORMAL,0.0,NORMAL
Daily,lss,Nigeria,2026-07-25,0.0,-0.0124,0.09,NORMAL,0.09,NORMAL,0.0,NORMAL
Daily,lss,Niue,2026-07-25,0.0,-0.0003,0.01,NORMAL,0.01,NORMAL,0.0,NORMAL
Daily,lss,North Korea,2026-07-25,0.0,-0.0469,0.12,NORMAL,0.12,NORMAL,0.0,NORMAL
Daily,lss,North Macedonia,2026-07-25,0.0,-0.0021,0.03,NORMAL,0.03,NORMAL,0.0,NORMAL
Daily,lss,Northern Mariana Islands,2026-07-25,0.0,0.0,0.0,NORMAL,0.0,NORMAL,0.0,NORMAL
Daily,lss,Norway,2026-07-25,0.0,-0.0035,0.08,NORMAL,-0.11,NORMAL,0.0,NORMAL
Daily,lss,Oman,2026-07-25,0.0,-0.0044,0.06,NORMAL,0.05,NORMAL,0.0,NORMAL
Daily,lss,Pakistan,2026-07-25,0.0,-0.0548,0.11,NORMAL,0.11,NORMAL,0.0,NORMAL
Daily,lss,Palau,2026-07-25,0.0,0.0,-0.0,NORMAL,-0.0,NORMAL,0.0,NORMAL
Daily,lss,Palestinian Territories,2026-07-25,0.0129,0.0133,-0.07,NORMAL,-0.06,NORMAL,0.0,NORMAL
Daily,lss,Panama,2026-07-25,0.0,-0.0042,0.05,NORMAL,0.06,NORMAL,0.0,NORMAL
Daily,lss,Papua New Guinea,2026-07-25,0.0,-0.0077,0.2,NORMAL,0.14,NORMAL,0.0,NORMAL
Daily,lss,Paraguay,2026-07-25,0.0,-0.0005,0.02,NORMAL,0.02,NORMAL,0.0,NORMAL
Daily,lss,Peru,2026-07-25,-0.0052,-0.048,0.18,NORMAL,0.19,NORMAL,0.0,NORMAL
Daily,lss,Philippines,2026-07-25,0.0,0.0172,-0.0,NORMAL,0.03,NORMAL,0.0,NORMAL
Daily,lss,Poland,2026-07-25,0.0,-0.0206,0.09,NORMAL,0.09,NORMAL,0.0,NORMAL
Daily,lss,Portugal,2026-07-25,0.0,-0.0158,0.11,NORMAL,0.1,NORMAL,0.0,NORMAL
Daily,lss,Puerto Rico,2026-07-25,0.0,-0.0002,0.0,NORMAL,0.0,NORMAL,0.0,NORMAL
Daily,lss,Qatar,2026-07-25,0.0,-0.0097,0.1,NORMAL,0.1,NORMAL,0.0,NORMAL
Daily,lss,Romania,2026-07-25,0.0,-0.0091,0.09,NORMAL,0.09,NORMAL,0.0,NORMAL
Daily,lss,Russia,2026-07-25,-0.0161,-0.1126,0.17,NORMAL,0.19,NORMAL,0.0,NORMAL
Daily,lss,Rwanda,2026-07-25,0.0,-0.0104,0.09,NORMAL,0.07,NORMAL,0.0,NORMAL
Daily,lss,Réunion,2026-07-25,0.0,-0.0,0.0,NORMAL,0.0,NORMAL,0.0,NORMAL
Daily,lss,Samoa,2026-07-25,0.0,-0.0041,0.02,NORMAL,0.02,NORMAL,0.0,NORMAL
Daily,lss,San Marino,2026-07-25,0.0,-0.0005,0.77,NORMAL,0.77,NORMAL,0.0,NORMAL
Daily,lss,Saudi Arabia,2026-07-25,0.0,-0.0318,0.16,NORMAL,0.16,NORMAL,0.0,NORMAL
Daily,lss,Senegal,2026-07-25,0.0,-0.0048,0.02,NORMAL,0.03,NORMAL,0.0,NORMAL
Daily,lss,Serbia,2026-07-25,0.0,-0.0369,0.15,NORMAL,0.15,NORMAL,0.0,NORMAL
Daily,lss,Seychelles,2026-07-25,0.0,-0.0067,0.08,NORMAL,0.08,NORMAL,0.0,NORMAL
Daily,lss,Sierra Leone,2026-07-25,0.0,-0.0056,0.06,NORMAL,0.06,NORMAL,0.0,NORMAL
Daily,lss,Singapore,2026-07-25,0.0,-0.0542,0.18,NORMAL,0.18,NORMAL,0.0,NORMAL
Daily,lss,Slovakia,2026-07-25,-0.0038,-0.0065,0.04,NORMAL,0.04,NORMAL,0.0,NORMAL
Daily,lss,Slovenia,2026-07-25,0.0,-0.0014,0.03,NORMAL,0.03,NORMAL,0.0,NORMAL
Daily,lss,Solomon Islands,2026-07-25,0.0,-0.0022,0.04,NORMAL,0.04,NORMAL,0.0,NORMAL
Daily,lss,Somalia,2026-07-25,0.0,-0.0014,0.06,NORMAL,0.06,NORMAL,0.0,NORMAL
Daily,lss,South Africa,2026-07-25,0.0,-0.0333,0.16,NORMAL,0.16,NORMAL,0.0,NORMAL
Daily,lss,South Korea,2026-07-25,0.0,-0.0697,0.11,NORMAL,0.12,NORMAL,0.0,NORMAL
Daily,lss,South Sudan,2026-07-25,0.0,-0.0062,0.04,NORMAL,0.04,NORMAL,0.0,NORMAL
Daily,lss,Spain,2026-07-25,0.0,-0.0575,0.18,NORMAL,0.17,NORMAL,0.0,NORMAL
Daily,lss,Sri Lanka,2026-07-25,0.0,-0.0233,0.1,NORMAL,0.09,NORMAL,0.0,NORMAL
Daily,lss,St. Helena,2026-07-25,0.0,0.0,0.0,NORMAL,0.0,NORMAL,0.0,NORMAL
Daily,lss,St. Kitts & Nevis,2026-07-25,0.0,-0.0,0.0,NORMAL,0.0,NORMAL,0.0,NORMAL
Daily,lss,St. Lucia,2026-07-25,0.0,0.0,0.0,NORMAL,0.0,NORMAL,0.0,NORMAL
Daily,lss,St. Vincent & Grenadines,2026-07-25,0.0,0.0,-0.0,NORMAL,-0.0,NORMAL,0.0,NORMAL
Daily,lss,Sudan,2026-07-25,0.0,0.0004,-0.0,NORMAL,-0.0,NORMAL,0.0,NORMAL
Daily,lss,Suriname,2026-07-25,0.0,-0.0019,0.06,NORMAL,0.06,NORMAL,0.0,NORMAL
Daily,lss,Svalbard & Jan Mayen,2026-07-25,0.0,0.0,0.0,NORMAL,0.0,NORMAL,0.0,NORMAL
Daily,lss,Sweden,2026-07-25,0.0,-0.0112,0.06,NORMAL,0.06,NORMAL,0.0,NORMAL
Daily,lss,Switzerland,2026-07-25,0.0,-0.0193,0.08,NORMAL,0.08,NORMAL,0.0,NORMAL
Daily,lss,Syria,2026-07-25,0.0,0.0006,-0.01,NORMAL,-0.01,NORMAL,0.0,NORMAL
Daily,lss,São Tomé & Príncipe,2026-07-25,0.0,-0.0007,0.12,NORMAL,0.12,NORMAL,0.0,NORMAL
Daily,lss,Taiwan,2026-07-25,0.0,0.069,-0.06,NORMAL,-0.07,NORMAL,0.0,NORMAL
Daily,lss,Tajikistan,2026-07-25,0.0,-0.0508,0.2,NORMAL,0.2,NORMAL,0.0,NORMAL
Daily,lss,Tanzania,2026-07-25,0.0,-0.0288,0.15,NORMAL,0.14,NORMAL,0.0,NORMAL
Daily,lss,Thailand,2026-07-25,-0.0226,-0.1034,0.21,NORMAL,0.21,NORMAL,0.0,NORMAL
Daily,lss,Timor-Leste,2026-07-25,0.0,-0.0084,0.07,NORMAL,0.07,NORMAL,0.0,NORMAL
Daily,lss,Togo,2026-07-25,0.0,-0.0023,0.05,NORMAL,0.05,NORMAL,0.0,NORMAL
Daily,lss,Tonga,2026-07-25,0.0,-0.0033,0.03,NORMAL,0.03,NORMAL,0.0,NORMAL
Daily,lss,Trinidad & Tobago,2026-07-25,0.0,-0.001,0.03,NORMAL,0.03,NORMAL,0.0,NORMAL
Daily,lss,Tunisia,2026-07-25,-0.0074,-0.0095,0.16,NORMAL,0.18,NORMAL,0.0,NORMAL
Daily,lss,Turkey,2026-07-25,0.0,-0.0203,0.11,NORMAL,0.08,NORMAL,0.0,NORMAL
Daily,lss,Turkmenistan,2026-07-25,0.0,-0.0328,0.17,NORMAL,0.17,NORMAL,0.0,NORMAL
Daily,lss,Tuvalu,2026-07-25,0.0,-0.0,0.0,NORMAL,0.0,NORMAL,0.0,NORMAL
Daily,lss,UK,2026-07-25,0.0,-0.0976,0.2,NORMAL,0.18,NORMAL,0.0,NORMAL
Daily,lss,US,2026-07-25,0.0003,-0.0405,0.06,NORMAL,0.06,NORMAL,0.0,NORMAL
Daily,lss,Uganda,2026-07-25,0.0,-0.0136,0.09,NORMAL,0.07,NORMAL,0.0,NORMAL
Daily,lss,Ukraine,2026-07-25,0.0,0.0018,-0.01,NORMAL,0.03,NORMAL,0.0,NORMAL
Daily,lss,United Arab Emirates,2026-07-25,0.0,-0.0484,0.21,NORMAL,0.19,NORMAL,0.0,NORMAL
Daily,lss,Uruguay,2026-07-25,0.0,-0.0094,0.07,NORMAL,0.07,NORMAL,0.0,NORMAL
Daily,lss,Uzbekistan,2026-07-25,0.0,-0.081,0.23,NORMAL,0.23,NORMAL,0.0,NORMAL
Daily,lss,Vanuatu,2026-07-25,0.0,-0.002,0.16,NORMAL,0.16,NORMAL,0.0,NORMAL
Daily,lss,Vatican City,2026-07-25,0.0,-0.0,0.0,NORMAL,0.0,NORMAL,0.0,NORMAL
Daily,lss,Venezuela,2026-07-25,0.0,-0.0028,0.06,NORMAL,0.06,NORMAL,0.0,NORMAL
Daily,lss,Vietnam,2026-07-25,0.0,-0.0808,0.18,NORMAL,0.19,NORMAL,0.0,NORMAL
Daily,lss,Western Sahara,2026-07-25,0.0,0.0,0.0,NORMAL,0.0,NORMAL,0.0,NORMAL
Daily,lss,Yemen,2026-07-25,0.0,-0.0011,0.05,NORMAL,0.05,NORMAL,0.0,NORMAL
Daily,lss,Zambia,2026-07-25,0.0,-0.0161,0.1,NORMAL,0.1,NORMAL,0.0,NORMAL
Daily,lss,Zimbabwe,2026-07-25,0.0,-0.0126,0.11,NORMAL,0.11,NORMAL,0.0,NORMAL
Daily,negativity,Afghanistan,2026-07-25,0.0,0.0108,-0.13,NORMAL,-0.13,NORMAL,0.0,NORMAL
Daily,negativity,Albania,2026-07-25,0.0,0.001,-0.11,NORMAL,-0.11,NORMAL,0.0,NORMAL
Daily,negativity,Algeria,2026-07-25,0.0,0.0023,-0.12,NORMAL,-0.12,NORMAL,0.0,NORMAL
Daily,negativity,American Samoa,2026-07-25,0.0,0.0,-0.0,NORMAL,-0.0,NORMAL,0.0,NORMAL
Daily,negativity,Andorra,2026-07-25,0.0,0.0,-0.0,NORMAL,-0.0,NORMAL,0.0,NORMAL
Daily,negativity,Angola,2026-07-25,0.0,0.001,-0.1,NORMAL,-0.1,NORMAL,0.0,NORMAL
Daily,negativity,Antarctica,2026-07-25,0.0,0.0004,-0.03,NORMAL,-0.03,NORMAL,0.0,NORMAL
Daily,negativity,Antigua & Barbuda,2026-07-25,0.0,0.0012,-0.05,NORMAL,-0.05,NORMAL,0.0,NORMAL
Daily,negativity,Argentina,2026-07-25,0.0,0.0102,-0.18,NORMAL,-0.18,NORMAL,0.0,NORMAL
Daily,negativity,Armenia,2026-07-25,0.0,0.0005,-0.08,NORMAL,-0.08,NORMAL,0.0,NORMAL
Daily,negativity,Aruba,2026-07-25,0.0,0.0,0.0,NORMAL,0.0,NORMAL,0.0,NORMAL
Daily,negativity,Australia,2026-07-25,0.0,0.0432,-0.08,NORMAL,0.21,NORMAL,0.0,NORMAL
Daily,negativity,Austria,2026-07-25,0.0,0.0065,-0.17,NORMAL,-0.17,NORMAL,0.0,NORMAL
Daily,negativity,Azerbaijan,2026-07-25,0.0,0.0094,-0.2,NORMAL,-0.2,NORMAL,0.0,NORMAL
Daily,negativity,Bahamas,2026-07-25,0.0,0.0001,-0.0,NORMAL,-0.0,NORMAL,0.0,NORMAL
Daily,negativity,Bahrain,2026-07-25,0.0,0.0046,-0.12,NORMAL,-0.12,NORMAL,0.0,NORMAL
Daily,negativity,Bangladesh,2026-07-25,0.0,0.0083,-0.2,NORMAL,-0.2,NORMAL,0.0,NORMAL
Daily,negativity,Barbados,2026-07-25,0.0,0.0,-0.0,NORMAL,-0.0,NORMAL,0.0,NORMAL
Daily,negativity,Belarus,2026-07-25,0.1,0.0099,0.49,NORMAL,0.21,NORMAL,1.41,NORMAL
Daily,negativity,Belgium,2026-07-25,0.0,0.0118,-0.22,NORMAL,-0.22,NORMAL,3.58,YELLOW
Daily,negativity,Belize,2026-07-25,0.0,0.0,-0.0,NORMAL,-0.0,NORMAL,0.0,NORMAL
Daily,negativity,Benin,2026-07-25,0.0,0.0017,-0.04,NORMAL,-0.04,NORMAL,0.0,NORMAL
Daily,negativity,Bermuda,2026-07-25,0.0,0.0,-0.0,NORMAL,-0.0,NORMAL,0.0,NORMAL
Daily,negativity,Bhutan,2026-07-25,0.0,0.0,-0.0,NORMAL,-0.0,NORMAL,0.0,NORMAL
Daily,negativity,Bolivia,2026-07-25,0.0,0.0005,-0.07,NORMAL,-0.07,NORMAL,0.0,NORMAL
Daily,negativity,Bosnia & Herzegovina,2026-07-25,0.0,0.0005,-0.1,NORMAL,-0.1,NORMAL,5.85,RED
Daily,negativity,Botswana,2026-07-25,0.0,0.0004,-0.06,NORMAL,-0.06,NORMAL,0.0,NORMAL
Daily,negativity,Brazil,2026-07-25,0.0,0.037,-0.44,NORMAL,-0.2,NORMAL,0.0,NORMAL
Daily,negativity,British Virgin Islands,2026-07-25,0.0,0.0,0.0,NORMAL,0.0,NORMAL,0.0,NORMAL
Daily,negativity,Brunei,2026-07-25,0.0,0.0029,-0.09,NORMAL,-0.09,NORMAL,0.0,NORMAL
Daily,negativity,Bulgaria,2026-07-25,0.0,0.0013,-0.13,NORMAL,-0.13,NORMAL,0.0,NORMAL
Daily,negativity,Burkina Faso,2026-07-25,0.0,0.0002,-0.03,NORMAL,-0.03,NORMAL,0.0,NORMAL
Daily,negativity,Burundi,2026-07-25,0.0,0.0025,-0.09,NORMAL,0.64,NORMAL,1.4,NORMAL
Daily,negativity,Cambodia,2026-07-25,0.1,0.024,0.33,NORMAL,0.2,NORMAL,0.41,NORMAL
Daily,negativity,Cameroon,2026-07-25,0.0,0.0027,-0.11,NORMAL,-0.11,NORMAL,0.0,NORMAL
Daily,negativity,Canada,2026-07-25,0.0,0.0427,1.1,NORMAL,1.64,NORMAL,8.93,RED
Daily,negativity,Cape Verde,2026-07-25,0.0,0.0014,-0.14,NORMAL,-0.14,NORMAL,3.31,YELLOW
Daily,negativity,Cayman Islands,2026-07-25,0.0,0.0,0.0,NORMAL,0.0,NORMAL,0.0,NORMAL
Daily,negativity,Central African Republic,2026-07-25,0.0,0.0001,-0.01,NORMAL,-0.01,NORMAL,0.0,NORMAL
Daily,negativity,Chad,2026-07-25,0.0,0.003,-0.05,NORMAL,-0.05,NORMAL,0.0,NORMAL
Daily,negativity,Chile,2026-07-25,0.0,0.0088,-0.13,NORMAL,-0.13,NORMAL,0.0,NORMAL
Daily,negativity,China,2026-07-25,0.0,0.0035,-0.12,NORMAL,-0.12,NORMAL,0.0,NORMAL
Daily,negativity,Colombia,2026-07-25,0.0,0.0013,-0.1,NORMAL,-0.1,NORMAL,0.0,NORMAL
Daily,negativity,Comoros,2026-07-25,0.0,0.0002,-0.03,NORMAL,-0.03,NORMAL,0.0,NORMAL
Daily,negativity,Congo - Brazzaville,2026-07-25,0.0,0.003,-0.1,NORMAL,-0.1,NORMAL,0.0,NORMAL
Daily,negativity,Congo - Kinshasa,2026-07-25,0.0,0.0143,-0.21,NORMAL,-0.21,NORMAL,3.04,YELLOW
Daily,negativity,Cook Islands,2026-07-25,0.0,0.0001,-0.02,NORMAL,-0.02,NORMAL,0.0,NORMAL
Daily,negativity,Costa Rica,2026-07-25,0.0,0.0007,-0.12,NORMAL,-0.12,NORMAL,0.0,NORMAL
Daily,negativity,Croatia,2026-07-25,0.0,0.0013,-0.15,NORMAL,-0.15,NORMAL,0.0,NORMAL
Daily,negativity,Cuba,2026-07-25,0.0,0.0333,-0.26,NORMAL,-0.26,NORMAL,0.0,NORMAL
Daily,negativity,Curaçao,2026-07-25,0.0,0.0,0.0,NORMAL,0.0,NORMAL,0.0,NORMAL
Daily,negativity,Cyprus,2026-07-25,0.0,0.0034,-0.12,NORMAL,3.5,RED,15.19,RED
Daily,negativity,Czechia,2026-07-25,0.0,0.0039,0.16,NORMAL,0.04,NORMAL,14.55,RED
Daily,negativity,Côte d’Ivoire,2026-07-25,0.0,0.0018,-0.14,NORMAL,-0.14,NORMAL,0.0,NORMAL
Daily,negativity,Denmark,2026-07-25,0.0,0.0258,0.77,NORMAL,0.38,NORMAL,0.78,NORMAL
Daily,negativity,Djibouti,2026-07-25,0.0,0.0036,1.04,NORMAL,0.57,NORMAL,2.82,NORMAL
Daily,negativity,Dominica,2026-07-25,0.0,0.002,-0.08,NORMAL,-0.08,NORMAL,0.0,NORMAL
Daily,negativity,Dominican Republic,2026-07-25,0.0,0.0005,-0.07,NORMAL,-0.07,NORMAL,0.0,NORMAL
Daily,negativity,Ecuador,2026-07-25,0.0,0.002,-0.17,NORMAL,1.51,NORMAL,5.96,RED
Daily,negativity,Egypt,2026-07-25,0.0,0.0202,-0.29,NORMAL,-0.29,NORMAL,0.0,NORMAL
Daily,negativity,El Salvador,2026-07-25,0.0,0.0003,-0.01,NORMAL,-0.01,NORMAL,0.0,NORMAL
Daily,negativity,Equatorial Guinea,2026-07-25,0.0,0.0002,-0.03,NORMAL,-0.03,NORMAL,0.0,NORMAL
Daily,negativity,Eritrea,2026-07-25,0.0,0.0008,-0.11,NORMAL,-0.11,NORMAL,0.0,NORMAL
Daily,negativity,Estonia,2026-07-25,0.0,0.0006,-0.08,NORMAL,-0.08,NORMAL,0.0,NORMAL
Daily,negativity,Eswatini,2026-07-25,0.0,0.0055,-0.1,NORMAL,-0.1,NORMAL,0.0,NORMAL
Daily,negativity,Ethiopia,2026-07-25,0.0,0.0118,-0.24,NORMAL,-0.24,NORMAL,0.0,NORMAL
Daily,negativity,Faroe Islands,2026-07-25,0.0,0.0,-0.0,NORMAL,-0.0,NORMAL,0.0,NORMAL
Daily,negativity,Fiji,2026-07-25,0.0,0.002,-0.07,NORMAL,-0.07,NORMAL,0.0,NORMAL
Daily,negativity,Finland,2026-07-25,0.0,0.0061,-0.13,NORMAL,-0.13,NORMAL,0.0,NORMAL
Daily,negativity,France,2026-07-25,0.05,0.0778,0.37,NORMAL,1.15,NORMAL,7.54,RED
Daily,negativity,French Polynesia,2026-07-25,0.0,0.0,-0.0,NORMAL,-0.0,NORMAL,0.0,NORMAL
Daily,negativity,Gabon,2026-07-25,0.0,0.0016,-0.06,NORMAL,-0.06,NORMAL,0.0,NORMAL
Daily,negativity,Gambia,2026-07-25,0.0,0.0017,3.04,RED,1.76,NORMAL,7.78,RED
Daily,negativity,Georgia,2026-07-25,0.0,0.0031,-0.11,NORMAL,-0.11,NORMAL,0.0,NORMAL
Daily,negativity,Germany,2026-07-25,0.05,0.0742,0.3,NORMAL,0.18,NORMAL,0.0,NORMAL
Daily,negativity,Ghana,2026-07-25,0.0,0.005,-0.15,NORMAL,-0.15,NORMAL,0.0,NORMAL
Daily,negativity,Gibraltar,2026-07-25,0.0,0.0,0.0,NORMAL,0.0,NORMAL,0.0,NORMAL
Daily,negativity,Greece,2026-07-25,0.0,0.0089,-0.26,NORMAL,-0.26,NORMAL,0.0,NORMAL
Daily,negativity,Greenland,2026-07-25,0.0,0.0115,-0.12,NORMAL,-0.12,NORMAL,0.0,NORMAL
Daily,negativity,Grenada,2026-07-25,0.0,0.0002,-0.03,NORMAL,-0.03,NORMAL,0.0,NORMAL
Daily,negativity,Guadeloupe,2026-07-25,0.0,0.0,0.0,NORMAL,0.0,NORMAL,0.0,NORMAL
Daily,negativity,Guam,2026-07-25,0.0,0.0,-0.0,NORMAL,-0.0,NORMAL,0.0,NORMAL
Daily,negativity,Guatemala,2026-07-25,0.0,0.0002,-0.01,NORMAL,-0.01,NORMAL,0.0,NORMAL
Daily,negativity,Guinea,2026-07-25,0.0,0.0033,-0.23,NORMAL,-0.23,NORMAL,6.67,RED
Daily,negativity,Guinea-Bissau,2026-07-25,0.0,0.0003,-0.11,NORMAL,-0.11,NORMAL,0.0,NORMAL
Daily,negativity,Guyana,2026-07-25,0.0,0.0029,-0.1,NORMAL,-0.1,NORMAL,0.0,NORMAL
Daily,negativity,Haiti,2026-07-25,0.0,0.0001,-0.01,NORMAL,-0.01,NORMAL,0.0,NORMAL
Daily,negativity,Honduras,2026-07-25,0.0,0.0002,-0.08,NORMAL,-0.08,NORMAL,0.0,NORMAL
Daily,negativity,Hungary,2026-07-25,0.0,0.0066,0.85,NORMAL,0.43,NORMAL,1.14,NORMAL
Daily,negativity,Iceland,2026-07-25,0.0,0.0005,-0.03,NORMAL,-0.03,NORMAL,0.0,NORMAL
Daily,negativity,India,2026-07-25,0.0,0.0328,-0.3,NORMAL,-0.3,NORMAL,0.0,NORMAL
Daily,negativity,Indonesia,2026-07-25,0.0,0.0257,-0.33,NORMAL,-0.33,NORMAL,0.0,NORMAL
Daily,negativity,Iran,2026-07-25,0.45,0.1451,0.78,NORMAL,1.47,NORMAL,46.29,RED
Daily,negativity,Iraq,2026-07-25,0.0,0.0148,-0.18,NORMAL,1.05,NORMAL,2.8,NORMAL
Daily,negativity,Ireland,2026-07-25,0.0,0.0017,-0.1,NORMAL,-0.1,NORMAL,0.0,NORMAL
Daily,negativity,Israel,2026-07-25,0.45,0.0835,0.3,NORMAL,0.03,NORMAL,1.15,NORMAL
Daily,negativity,Italy,2026-07-25,0.0,0.0278,1.7,NORMAL,1.27,NORMAL,12.77,RED
Daily,negativity,Jamaica,2026-07-25,0.0,0.0028,-0.09,NORMAL,-0.09,NORMAL,0.0,NORMAL
Daily,negativity,Japan,2026-07-25,0.15,0.3478,-0.13,NORMAL,0.3,NORMAL,72.88,RED
Daily,negativity,Jordan,2026-07-25,0.0,0.0034,-0.1,NORMAL,-0.1,NORMAL,0.0,NORMAL
Daily,negativity,Kazakhstan,2026-07-25,0.0,0.0148,0.05,NORMAL,-0.14,NORMAL,0.0,NORMAL
Daily,negativity,Kenya,2026-07-25,0.0,0.0116,-0.26,NORMAL,-0.26,NORMAL,0.0,NORMAL
Daily,negativity,Kiribati,2026-07-25,0.0,0.0002,-0.04,NORMAL,-0.04,NORMAL,0.0,NORMAL
Daily,negativity,Kuwait,2026-07-25,0.0,0.0037,-0.08,NORMAL,-0.08,NORMAL,0.0,NORMAL
Daily,negativity,Kyrgyzstan,2026-07-25,0.1,0.0127,1.32,NORMAL,3.12,RED,13.28,RED
Daily,negativity,Laos,2026-07-25,0.0,0.0204,-0.4,NORMAL,-0.01,NORMAL,0.0,NORMAL
Daily,negativity,Latvia,2026-07-25,0.0,0.0013,3.07,RED,1.79,NORMAL,7.78,RED
Daily,negativity,Lebanon,2026-07-25,0.0,0.0091,-0.15,NORMAL,-0.15,NORMAL,0.0,NORMAL
Daily,negativity,Lesotho,2026-07-25,0.0,0.0016,-0.09,NORMAL,-0.09,NORMAL,0.0,NORMAL
Daily,negativity,Liberia,2026-07-25,0.0,0.0023,-0.08,NORMAL,-0.08,NORMAL,0.0,NORMAL
Daily,negativity,Libya,2026-07-25,0.0,0.002,-0.08,NORMAL,-0.08,NORMAL,0.0,NORMAL
Daily,negativity,Liechtenstein,2026-07-25,0.0,0.0,-0.0,NORMAL,-0.0,NORMAL,0.0,NORMAL
Daily,negativity,Lithuania,2026-07-25,0.0,0.0003,-0.06,NORMAL,-0.06,NORMAL,0.0,NORMAL
Daily,negativity,Luxembourg,2026-07-25,0.0,0.0014,-0.09,NORMAL,-0.09,NORMAL,0.0,NORMAL
Daily,negativity,Madagascar,2026-07-25,0.0,0.0012,-0.13,NORMAL,-0.13,NORMAL,0.0,NORMAL
Daily,negativity,Malawi,2026-07-25,0.0,0.0021,-0.15,NORMAL,-0.15,NORMAL,1.71,NORMAL
Daily,negativity,Malaysia,2026-07-25,0.0,0.0287,0.45,NORMAL,0.96,NORMAL,2.21,NORMAL
Daily,negativity,Maldives,2026-07-25,0.0,0.0018,-0.09,NORMAL,-0.09,NORMAL,0.0,NORMAL
Daily,negativity,Mali,2026-07-25,0.0,0.0035,-0.1,NORMAL,-0.1,NORMAL,0.0,NORMAL
Daily,negativity,Malta,2026-07-25,0.0,0.0004,-0.07,NORMAL,-0.07,NORMAL,0.0,NORMAL
Daily,negativity,Marshall Islands,2026-07-25,0.0,0.0005,-0.1,NORMAL,-0.1,NORMAL,10.82,RED
Daily,negativity,Martinique,2026-07-25,0.0,0.0,0.0,NORMAL,0.0,NORMAL,0.0,NORMAL
Daily,negativity,Mauritania,2026-07-25,0.0,0.0014,-0.09,NORMAL,-0.09,NORMAL,0.0,NORMAL
Daily,negativity,Mauritius,2026-07-25,0.0,0.0014,-0.07,NORMAL,-0.07,NORMAL,0.0,NORMAL
Daily,negativity,Mexico,2026-07-25,0.0,0.0222,1.2,NORMAL,0.85,NORMAL,5.07,RED
Daily,negativity,Micronesia (Federated States of),2026-07-25,0.0,0.0,-0.0,NORMAL,-0.0,NORMAL,0.0,NORMAL
Daily,negativity,Moldova,2026-07-25,0.0,0.006,-0.13,NORMAL,-0.13,NORMAL,0.0,NORMAL
Daily,negativity,Monaco,2026-07-25,0.0,0.0,-0.0,NORMAL,-0.0,NORMAL,0.0,NORMAL
Daily,negativity,Mongolia,2026-07-25,0.0,0.0108,0.87,NORMAL,0.42,NORMAL,1.05,NORMAL
Daily,negativity,Montenegro,2026-07-25,0.0,0.004,-0.17,NORMAL,-0.17,NORMAL,12.94,RED
Daily,negativity,Morocco,2026-07-25,0.1,0.0061,0.6,NORMAL,0.31,NORMAL,1.59,NORMAL
Daily,negativity,Mozambique,2026-07-25,0.0,0.0048,-0.18,NORMAL,-0.18,NORMAL,0.0,NORMAL
Daily,negativity,Myanmar (Burma),2026-07-25,0.0,0.0189,-0.22,NORMAL,-0.22,NORMAL,0.0,NORMAL
Daily,negativity,Namibia,2026-07-25,0.0,0.0049,-0.28,NORMAL,-0.28,NORMAL,11.75,RED
Daily,negativity,Nauru,2026-07-25,0.0,0.0024,-0.08,NORMAL,-0.08,NORMAL,0.0,NORMAL
Daily,negativity,Nepal,2026-07-25,0.0,0.0104,-0.16,NORMAL,-0.16,NORMAL,0.0,NORMAL
Daily,negativity,Netherlands,2026-07-25,0.0,0.0203,0.15,NORMAL,0.35,NORMAL,0.0,NORMAL
Daily,negativity,New Caledonia,2026-07-25,0.0,0.0,0.0,NORMAL,0.0,NORMAL,0.0,NORMAL
Daily,negativity,New Zealand,2026-07-25,0.0,0.0125,-0.18,NORMAL,-0.18,NORMAL,0.0,NORMAL
Daily,negativity,Nicaragua,2026-07-25,0.0,0.0007,-0.07,NORMAL,-0.07,NORMAL,0.0,NORMAL
Daily,negativity,Niger,2026-07-25,0.0,0.0012,-0.04,NORMAL,-0.04,NORMAL,0.0,NORMAL
Daily,negativity,Nigeria,2026-07-25,0.0,0.0097,-0.17,NORMAL,-0.17,NORMAL,7.71,RED
Daily,negativity,Niue,2026-07-25,0.0,0.0001,-0.03,NORMAL,-0.03,NORMAL,0.0,NORMAL
Daily,negativity,North Korea,2026-07-25,0.0,0.0142,-0.19,NORMAL,-0.19,NORMAL,0.0,NORMAL
Daily,negativity,North Macedonia,2026-07-25,0.0,0.0001,-0.06,NORMAL,-0.06,NORMAL,0.0,NORMAL
Daily,negativity,Northern Mariana Islands,2026-07-25,0.0,0.0,0.0,NORMAL,0.0,NORMAL,0.0,NORMAL
Daily,negativity,Norway,2026-07-25,0.0,0.0102,-0.24,NORMAL,1.41,NORMAL,15.6,RED
Daily,negativity,Oman,2026-07-25,0.0,0.008,-0.15,NORMAL,0.41,NORMAL,0.0,NORMAL
Daily,negativity,Pakistan,2026-07-25,0.0,0.0541,-0.15,NORMAL,-0.25,NORMAL,0.0,NORMAL
Daily,negativity,Palau,2026-07-25,0.0,0.0,-0.0,NORMAL,-0.0,NORMAL,0.0,NORMAL
Daily,negativity,Palestinian Territories,2026-07-25,0.45,0.0409,1.43,NORMAL,0.75,NORMAL,3.54,YELLOW
Daily,negativity,Panama,2026-07-25,0.0,0.0054,-0.12,NORMAL,2.04,YELLOW,7.78,RED
Daily,negativity,Papua New Guinea,2026-07-25,0.0,0.0017,2.08,YELLOW,1.2,NORMAL,5.37,RED
Daily,negativity,Paraguay,2026-07-25,0.0,0.0001,-0.02,NORMAL,-0.02,NORMAL,0.0,NORMAL
Daily,negativity,Peru,2026-07-25,0.05,0.0094,0.23,NORMAL,0.02,NORMAL,5.77,RED
Daily,negativity,Philippines,2026-07-25,0.0,0.0747,0.78,NORMAL,1.13,NORMAL,30.72,RED
Daily,negativity,Poland,2026-07-25,0.0,0.0083,-0.15,NORMAL,-0.15,NORMAL,0.0,NORMAL
Daily,negativity,Portugal,2026-07-25,0.0,0.0091,2.1,YELLOW,1.19,NORMAL,4.82,YELLOW
Daily,negativity,Puerto Rico,2026-07-25,0.0,0.0001,-0.0,NORMAL,-0.0,NORMAL,0.0,NORMAL
Daily,negativity,Qatar,2026-07-25,0.0,0.0107,-0.14,NORMAL,-0.14,NORMAL,0.0,NORMAL
Daily,negativity,Romania,2026-07-25,0.0,0.0024,-0.08,NORMAL,-0.08,NORMAL,0.0,NORMAL
Daily,negativity,Russia,2026-07-25,0.15,0.1037,-0.29,NORMAL,0.36,NORMAL,2.16,NORMAL
Daily,negativity,Rwanda,2026-07-25,0.0,0.0028,-0.14,NORMAL,0.88,NORMAL,2.37,NORMAL
Daily,negativity,Réunion,2026-07-25,0.0,0.0,0.0,NORMAL,0.0,NORMAL,0.0,NORMAL
Daily,negativity,Samoa,2026-07-25,0.0,0.0004,-0.02,NORMAL,-0.02,NORMAL,0.0,NORMAL
Daily,negativity,San Marino,2026-07-25,0.0,0.0,-0.0,NORMAL,-0.0,NORMAL,0.0,NORMAL
Daily,negativity,Saudi Arabia,2026-07-25,0.0,0.0237,-0.25,NORMAL,-0.25,NORMAL,0.0,NORMAL
Daily,negativity,Senegal,2026-07-25,0.0,0.0045,0.83,NORMAL,0.44,NORMAL,0.94,NORMAL
Daily,negativity,Serbia,2026-07-25,0.0,0.0125,0.07,NORMAL,-0.04,NORMAL,0.0,NORMAL
Daily,negativity,Seychelles,2026-07-25,0.0,0.0041,-0.13,NORMAL,-0.13,NORMAL,0.0,NORMAL
Daily,negativity,Sierra Leone,2026-07-25,0.0,0.0023,-0.08,NORMAL,-0.08,NORMAL,0.0,NORMAL
Daily,negativity,Singapore,2026-07-25,0.0,0.0334,-0.31,NORMAL,-0.31,NORMAL,0.0,NORMAL
Daily,negativity,Slovakia,2026-07-25,0.5,0.0035,5.83,RED,3.45,RED,17.29,RED
Daily,negativity,Slovenia,2026-07-25,0.0,0.0015,-0.12,NORMAL,-0.12,NORMAL,0.0,NORMAL
Daily,negativity,Solomon Islands,2026-07-25,0.0,0.003,-0.11,NORMAL,-0.11,NORMAL,12.13,RED
Daily,negativity,Somalia,2026-07-25,0.0,0.0006,-0.07,NORMAL,-0.07,NORMAL,0.0,NORMAL
Daily,negativity,South Africa,2026-07-25,0.0,0.0218,-0.31,NORMAL,-0.31,NORMAL,0.0,NORMAL
Daily,negativity,South Korea,2026-07-25,0.0,0.071,-0.03,NORMAL,-0.11,NORMAL,0.0,NORMAL
Daily,negativity,South Sudan,2026-07-25,0.0,0.0047,-0.08,NORMAL,-0.08,NORMAL,0.0,NORMAL
Daily,negativity,Spain,2026-07-25,0.0,0.0351,0.03,NORMAL,-0.14,NORMAL,9.88,RED
Daily,negativity,Sri Lanka,2026-07-25,0.0,0.0081,-0.16,NORMAL,0.23,NORMAL,0.0,NORMAL
Daily,negativity,St. Helena,2026-07-25,0.0,0.0,0.0,NORMAL,0.0,NORMAL,0.0,NORMAL
Daily,negativity,St. Kitts & Nevis,2026-07-25,0.0,0.0,-0.0,NORMAL,-0.0,NORMAL,0.0,NORMAL
Daily,negativity,St. Lucia,2026-07-25,0.0,0.0,0.0,NORMAL,0.0,NORMAL,0.0,NORMAL
Daily,negativity,St. Vincent & Grenadines,2026-07-25,0.0,0.0,-0.0,NORMAL,-0.0,NORMAL,0.0,NORMAL
Daily,negativity,Sudan,2026-07-25,0.0,0.0131,-0.16,NORMAL,-0.16,NORMAL,0.0,NORMAL
Daily,negativity,Suriname,2026-07-25,0.0,0.0001,-0.01,NORMAL,-0.01,NORMAL,0.0,NORMAL
Daily,negativity,Svalbard & Jan Mayen,2026-07-25,0.0,0.0,0.0,NORMAL,0.0,NORMAL,0.0,NORMAL
Daily,negativity,Sweden,2026-07-25,0.0,0.0077,-0.17,NORMAL,-0.17,NORMAL,0.0,NORMAL
Daily,negativity,Switzerland,2026-07-25,0.0,0.0154,-0.22,NORMAL,-0.22,NORMAL,0.0,NORMAL
Daily,negativity,Syria,2026-07-25,0.0,0.008,-0.15,NORMAL,-0.15,NORMAL,0.0,NORMAL
Daily,negativity,São Tomé & Príncipe,2026-07-25,0.0,0.0004,-0.05,NORMAL,-0.05,NORMAL,0.0,NORMAL
Daily,negativity,Taiwan,2026-07-25,0.0,0.1657,-0.47,NORMAL,-0.52,NORMAL,0.0,NORMAL
Daily,negativity,Tajikistan,2026-07-25,0.0,0.0076,-0.16,NORMAL,-0.16,NORMAL,0.0,NORMAL
Daily,negativity,Tanzania,2026-07-25,0.0,0.0112,-0.29,NORMAL,0.22,NORMAL,0.0,NORMAL
Daily,negativity,Thailand,2026-07-25,0.1,0.0362,-0.03,NORMAL,0.0,NORMAL,0.08,NORMAL
Daily,negativity,Timor-Leste,2026-07-25,0.0,0.0018,-0.13,NORMAL,-0.13,NORMAL,0.0,NORMAL
Daily,negativity,Togo,2026-07-25,0.0,0.0,-0.0,NORMAL,-0.0,NORMAL,0.0,NORMAL
Daily,negativity,Tonga,2026-07-25,0.0,0.001,-0.05,NORMAL,-0.05,NORMAL,0.0,NORMAL
Daily,negativity,Trinidad & Tobago,2026-07-25,0.0,0.0003,-0.05,NORMAL,-0.05,NORMAL,0.0,NORMAL
Daily,negativity,Tunisia,2026-07-25,0.1,0.0044,0.97,NORMAL,0.52,NORMAL,2.73,NORMAL
Daily,negativity,Turkey,2026-07-25,0.0,0.0141,-0.19,NORMAL,0.08,NORMAL,0.0,NORMAL
Daily,negativity,Turkmenistan,2026-07-25,0.0,0.0061,-0.15,NORMAL,-0.15,NORMAL,0.0,NORMAL
Daily,negativity,Tuvalu,2026-07-25,0.0,0.0,-0.0,NORMAL,-0.0,NORMAL,0.0,NORMAL
Daily,negativity,UK,2026-07-25,0.0,0.0623,0.84,NORMAL,0.39,NORMAL,1.02,NORMAL
Daily,negativity,US,2026-07-25,0.1875,0.2312,0.01,NORMAL,0.23,NORMAL,0.0,NORMAL
Daily,negativity,Uganda,2026-07-25,0.0,0.0092,-0.16,NORMAL,0.01,NORMAL,0.0,NORMAL
Daily,negativity,Ukraine,2026-07-25,0.0,0.0241,-0.28,NORMAL,1.34,NORMAL,15.82,RED
Daily,negativity,United Arab Emirates,2026-07-25,0.0,0.0292,-0.27,NORMAL,-0.08,NORMAL,0.0,NORMAL
Daily,negativity,Uruguay,2026-07-25,0.0,0.0027,-0.09,NORMAL,-0.09,NORMAL,0.0,NORMAL
Daily,negativity,Uzbekistan,2026-07-25,0.0,0.0152,0.47,NORMAL,0.12,NORMAL,0.0,NORMAL
Daily,negativity,Vanuatu,2026-07-25,0.0,0.0001,-0.01,NORMAL,-0.01,NORMAL,0.0,NORMAL
Daily,negativity,Vatican City,2026-07-25,0.0,0.0,-0.0,NORMAL,-0.0,NORMAL,0.0,NORMAL
Daily,negativity,Venezuela,2026-07-25,0.0,0.0313,-0.21,NORMAL,-0.21,NORMAL,0.0,NORMAL
Daily,negativity,Vietnam,2026-07-25,0.0,0.0266,0.07,NORMAL,0.09,NORMAL,0.0,NORMAL
Daily,negativity,Western Sahara,2026-07-25,0.0,0.0,0.0,NORMAL,0.0,NORMAL,0.0,NORMAL
Daily,negativity,Yemen,2026-07-25,0.0,0.0043,-0.09,NORMAL,-0.09,NORMAL,0.0,NORMAL
Daily,negativity,Zambia,2026-07-25,0.0,0.0046,-0.2,NORMAL,-0.2,NORMAL,0.0,NORMAL
Daily,negativity,Zimbabwe,2026-07-25,0.0,0.0036,-0.16,NORMAL,-0.16,NORMAL,0.0,NORMAL
Weekly,deepseek,Afghanistan,2026-07-21,0.0,0.0008,-0.11,NORMAL,-0.11,NORMAL,0.0,NORMAL
Weekly,deepseek,Albania,2026-07-21,0.0,0.0,-0.0,NORMAL,-0.0,NORMAL,0.0,NORMAL
Weekly,deepseek,Algeria,2026-07-21,0.0,0.0001,-0.06,NORMAL,-0.06,NORMAL,0.0,NORMAL
Weekly,deepseek,American Samoa,2026-07-21,0.0,0.0,0.0,NORMAL,0.0,NORMAL,0.0,NORMAL
Weekly,deepseek,Andorra,2026-07-21,0.0,0.0,0.0,NORMAL,0.0,NORMAL,0.0,NORMAL
Weekly,deepseek,Angola,2026-07-21,0.0,0.0005,-0.34,NORMAL,-0.34,NORMAL,0.0,NORMAL
Weekly,deepseek,Antarctica,2026-07-21,0.0,0.0,0.0,NORMAL,0.0,NORMAL,0.0,NORMAL
Weekly,deepseek,Antigua & Barbuda,2026-07-21,0.0,0.0,-0.01,NORMAL,-0.01,NORMAL,0.0,NORMAL
Weekly,deepseek,Argentina,2026-07-21,0.0,0.0013,-0.35,NORMAL,0.01,NORMAL,0.0,NORMAL
Weekly,deepseek,Armenia,2026-07-21,0.0,0.0,-0.0,NORMAL,-0.0,NORMAL,0.0,NORMAL
Weekly,deepseek,Aruba,2026-07-21,0.0,0.0,0.0,NORMAL,0.0,NORMAL,0.0,NORMAL
Weekly,deepseek,Australia,2026-07-21,0.025,0.0034,0.29,NORMAL,0.21,NORMAL,0.77,NORMAL
Weekly,deepseek,Austria,2026-07-21,0.0,0.0009,-0.33,NORMAL,-0.33,NORMAL,0.0,NORMAL
Weekly,deepseek,Azerbaijan,2026-07-21,0.0,0.0004,-0.32,NORMAL,-0.32,NORMAL,0.07,NORMAL
Weekly,deepseek,Bahamas,2026-07-21,0.0,0.0,-0.0,NORMAL,-0.0,NORMAL,0.0,NORMAL
Weekly,deepseek,Bahrain,2026-07-21,0.0,0.001,-0.15,NORMAL,-0.15,NORMAL,0.0,NORMAL
Weekly,deepseek,Bangladesh,2026-07-21,0.0,0.0014,-0.2,NORMAL,-0.1,NORMAL,0.0,NORMAL
Weekly,deepseek,Barbados,2026-07-21,0.0,0.0001,-0.08,NORMAL,-0.08,NORMAL,0.0,NORMAL
Weekly,deepseek,Belarus,2026-07-21,0.01,0.0012,0.46,NORMAL,0.32,NORMAL,1.39,NORMAL
Weekly,deepseek,Belgium,2026-07-21,0.0,0.0003,-0.3,NORMAL,-0.3,NORMAL,0.0,NORMAL
Weekly,deepseek,Belize,2026-07-21,0.0,0.0,-0.0,NORMAL,-0.0,NORMAL,0.0,NORMAL
Weekly,deepseek,Benin,2026-07-21,0.0,0.0,-0.0,NORMAL,-0.0,NORMAL,0.0,NORMAL
Weekly,deepseek,Bermuda,2026-07-21,0.0,0.0,0.0,NORMAL,0.0,NORMAL,0.0,NORMAL
Weekly,deepseek,Bhutan,2026-07-21,0.0,0.0,-0.0,NORMAL,-0.0,NORMAL,0.0,NORMAL
Weekly,deepseek,Bolivia,2026-07-21,0.0,0.0003,-0.12,NORMAL,-0.12,NORMAL,0.0,NORMAL
Weekly,deepseek,Bosnia & Herzegovina,2026-07-21,0.0,0.0003,-0.2,NORMAL,-0.2,NORMAL,1.46,NORMAL
Weekly,deepseek,Botswana,2026-07-21,0.0,0.0,-0.0,NORMAL,-0.0,NORMAL,0.0,NORMAL
Weekly,deepseek,Brazil,2026-07-21,0.0,0.0029,-0.62,NORMAL,-0.43,NORMAL,0.0,NORMAL
Weekly,deepseek,British Virgin Islands,2026-07-21,0.0,0.0,0.0,NORMAL,0.0,NORMAL,0.0,NORMAL
Weekly,deepseek,Brunei,2026-07-21,0.0,0.0005,-0.23,NORMAL,-0.23,NORMAL,0.0,NORMAL
Weekly,deepseek,Bulgaria,2026-07-21,0.0,0.0,-0.0,NORMAL,-0.0,NORMAL,0.0,NORMAL
Weekly,deepseek,Burkina Faso,2026-07-21,0.0,0.0,-0.0,NORMAL,-0.0,NORMAL,0.0,NORMAL
Weekly,deepseek,Burundi,2026-07-21,0.0,0.0005,-0.26,NORMAL,-0.26,NORMAL,0.96,NORMAL
Weekly,deepseek,Cambodia,2026-07-21,0.0025,0.0024,-0.19,NORMAL,0.09,NORMAL,0.0,NORMAL
Weekly,deepseek,Cameroon,2026-07-21,0.0,0.0002,-0.11,NORMAL,-0.11,NORMAL,0.0,NORMAL
Weekly,deepseek,Canada,2026-07-21,0.0157,0.0039,0.17,NORMAL,-0.09,NORMAL,4.06,YELLOW
Weekly,deepseek,Cape Verde,2026-07-21,0.0,0.0001,-0.16,NORMAL,-0.16,NORMAL,0.0,NORMAL
Weekly,deepseek,Cayman Islands,2026-07-21,0.0,0.0,0.0,NORMAL,0.0,NORMAL,0.0,NORMAL
Weekly,deepseek,Central African Republic,2026-07-21,0.0,0.0,-0.0,NORMAL,-0.0,NORMAL,0.0,NORMAL
Weekly,deepseek,Chad,2026-07-21,0.0,0.0,-0.0,NORMAL,-0.0,NORMAL,0.0,NORMAL
Weekly,deepseek,Chile,2026-07-21,0.0,0.002,-0.28,NORMAL,-0.18,NORMAL,1.8,NORMAL
Weekly,deepseek,China,2026-07-21,0.0,0.0006,-0.44,NORMAL,-0.44,NORMAL,0.0,NORMAL
Weekly,deepseek,Colombia,2026-07-21,0.0,0.001,-0.15,NORMAL,-0.15,NORMAL,0.0,NORMAL
Weekly,deepseek,Comoros,2026-07-21,0.0,0.0,-0.03,NORMAL,-0.03,NORMAL,0.0,NORMAL
Weekly,deepseek,Congo - Brazzaville,2026-07-21,0.0,0.0004,-0.22,NORMAL,-0.22,NORMAL,0.0,NORMAL
Weekly,deepseek,Congo - Kinshasa,2026-07-21,0.0,0.0002,-0.23,NORMAL,-0.23,NORMAL,3.37,YELLOW
Weekly,deepseek,Cook Islands,2026-07-21,0.0,0.0,-0.01,NORMAL,-0.01,NORMAL,0.0,NORMAL
Weekly,deepseek,Costa Rica,2026-07-21,0.0,0.0001,-0.04,NORMAL,-0.04,NORMAL,0.0,NORMAL
Weekly,deepseek,Croatia,2026-07-21,0.0,0.0,-0.01,NORMAL,-0.01,NORMAL,0.0,NORMAL
Weekly,deepseek,Cuba,2026-07-21,0.0,0.002,-0.27,NORMAL,-0.27,NORMAL,0.0,NORMAL
Weekly,deepseek,Curaçao,2026-07-21,0.0,0.0,-0.0,NORMAL,-0.0,NORMAL,0.0,NORMAL
Weekly,deepseek,Cyprus,2026-07-21,0.0,0.0,-0.0,NORMAL,-0.0,NORMAL,0.0,NORMAL
Weekly,deepseek,Czechia,2026-07-21,0.025,0.0009,2.13,YELLOW,1.17,NORMAL,6.57,RED
Weekly,deepseek,Côte d’Ivoire,2026-07-21,0.0,0.0,-0.0,NORMAL,-0.0,NORMAL,0.0,NORMAL
Weekly,deepseek,Denmark,2026-07-21,0.0,0.0022,-0.31,NORMAL,1.24,NORMAL,5.39,RED
Weekly,deepseek,Djibouti,2026-07-21,0.01,0.0011,0.31,NORMAL,0.12,NORMAL,0.74,NORMAL
Weekly,deepseek,Dominica,2026-07-21,0.0,0.0,-0.0,NORMAL,-0.0,NORMAL,0.0,NORMAL
Weekly,deepseek,Dominican Republic,2026-07-21,0.0,0.0004,-0.29,NORMAL,-0.29,NORMAL,2.74,NORMAL
Weekly,deepseek,Ecuador,2026-07-21,0.0,0.0003,-0.22,NORMAL,-0.22,NORMAL,3.37,YELLOW
Weekly,deepseek,Egypt,2026-07-21,0.01,0.0047,-0.07,NORMAL,-0.13,NORMAL,2.17,NORMAL
Weekly,deepseek,El Salvador,2026-07-21,0.0,0.0001,-0.04,NORMAL,-0.04,NORMAL,0.0,NORMAL
Weekly,deepseek,Equatorial Guinea,2026-07-21,0.0,0.0,-0.0,NORMAL,-0.0,NORMAL,0.0,NORMAL
Weekly,deepseek,Eritrea,2026-07-21,0.0,0.0015,-0.22,NORMAL,-0.22,NORMAL,0.67,NORMAL
Weekly,deepseek,Estonia,2026-07-21,0.0,0.0,-0.0,NORMAL,-0.0,NORMAL,0.0,NORMAL
Weekly,deepseek,Eswatini,2026-07-21,0.0,0.0053,-0.24,NORMAL,-0.24,NORMAL,3.2,YELLOW
Weekly,deepseek,Ethiopia,2026-07-21,0.0,0.0009,1.16,NORMAL,1.47,NORMAL,6.85,RED
Weekly,deepseek,Faroe Islands,2026-07-21,0.0,0.0,0.0,NORMAL,0.0,NORMAL,0.0,NORMAL
Weekly,deepseek,Fiji,2026-07-21,0.0,0.0035,-0.07,NORMAL,-0.07,NORMAL,0.0,NORMAL
Weekly,deepseek,Finland,2026-07-21,0.0,0.0001,-0.14,NORMAL,-0.14,NORMAL,0.0,NORMAL
Weekly,deepseek,France,2026-07-21,0.0,0.0056,-0.33,NORMAL,-0.33,NORMAL,1.65,NORMAL
Weekly,deepseek,French Polynesia,2026-07-21,0.0,0.0,0.0,NORMAL,0.0,NORMAL,0.0,NORMAL
Weekly,deepseek,Gabon,2026-07-21,0.0,0.0002,-0.15,NORMAL,-0.15,NORMAL,0.0,NORMAL
Weekly,deepseek,Gambia,2026-07-21,0.0,0.0017,-0.24,NORMAL,0.05,NORMAL,2.14,NORMAL
Weekly,deepseek,Georgia,2026-07-21,0.0,0.0,-0.07,NORMAL,-0.07,NORMAL,0.0,NORMAL
Weekly,deepseek,Germany,2026-07-21,0.0025,0.0019,-0.27,NORMAL,-0.19,NORMAL,0.0,NORMAL
Weekly,deepseek,Ghana,2026-07-21,0.0,0.0003,-0.17,NORMAL,-0.17,NORMAL,0.0,NORMAL
Weekly,deepseek,Gibraltar,2026-07-21,0.0,0.0,0.0,NORMAL,0.0,NORMAL,0.0,NORMAL
Weekly,deepseek,Greece,2026-07-21,0.0,0.0007,-0.33,NORMAL,-0.33,NORMAL,0.0,NORMAL
Weekly,deepseek,Greenland,2026-07-21,0.0,0.0,0.0,NORMAL,0.0,NORMAL,0.0,NORMAL
Weekly,deepseek,Grenada,2026-07-21,0.0,0.0,-0.01,NORMAL,-0.01,NORMAL,0.0,NORMAL
Weekly,deepseek,Guadeloupe,2026-07-21,0.0,0.0,0.0,NORMAL,0.0,NORMAL,0.0,NORMAL
Weekly,deepseek,Guam,2026-07-21,0.0,0.0,-0.01,NORMAL,-0.01,NORMAL,0.0,NORMAL
Weekly,deepseek,Guatemala,2026-07-21,0.0,0.0001,-0.03,NORMAL,-0.03,NORMAL,0.0,NORMAL
Weekly,deepseek,Guinea,2026-07-21,0.0,0.0021,-0.29,NORMAL,0.06,NORMAL,2.67,NORMAL
Weekly,deepseek,Guinea-Bissau,2026-07-21,0.0,0.0,-0.0,NORMAL,-0.0,NORMAL,0.0,NORMAL
Weekly,deepseek,Guyana,2026-07-21,0.0,0.0002,-0.15,NORMAL,-0.15,NORMAL,0.0,NORMAL
Weekly,deepseek,Haiti,2026-07-21,0.0,0.0,-0.0,NORMAL,-0.0,NORMAL,0.0,NORMAL
Weekly,deepseek,Honduras,2026-07-21,0.0,0.0,-0.0,NORMAL,-0.0,NORMAL,0.0,NORMAL
Weekly,deepseek,Hungary,2026-07-21,0.0,0.002,-0.29,NORMAL,-0.29,NORMAL,9.17,RED
Weekly,deepseek,Iceland,2026-07-21,0.0,0.0,-0.0,NORMAL,-0.0,NORMAL,0.0,NORMAL
Weekly,deepseek,India,2026-07-21,0.0,0.0031,-0.37,NORMAL,0.11,NORMAL,0.0,NORMAL
Weekly,deepseek,Indonesia,2026-07-21,0.0,0.0038,-0.51,NORMAL,-0.38,NORMAL,4.15,YELLOW
Weekly,deepseek,Iran,2026-07-21,0.0025,0.0065,0.45,NORMAL,0.08,NORMAL,2.66,NORMAL
Weekly,deepseek,Iraq,2026-07-21,0.0,0.0002,-0.17,NORMAL,-0.17,NORMAL,0.0,NORMAL
Weekly,deepseek,Ireland,2026-07-21,0.0,0.0,-0.09,NORMAL,-0.09,NORMAL,0.0,NORMAL
Weekly,deepseek,Israel,2026-07-21,0.01,0.0058,-0.15,NORMAL,-0.23,NORMAL,0.0,NORMAL
Weekly,deepseek,Italy,2026-07-21,0.006,0.002,0.01,NORMAL,-0.18,NORMAL,1.74,NORMAL
Weekly,deepseek,Jamaica,2026-07-21,0.0,0.0004,-0.26,NORMAL,-0.26,NORMAL,0.0,NORMAL
Weekly,deepseek,Japan,2026-07-21,0.0278,0.0204,0.15,NORMAL,-0.01,NORMAL,0.0,NORMAL
Weekly,deepseek,Jordan,2026-07-21,0.0,0.0007,-0.1,NORMAL,-0.1,NORMAL,0.0,NORMAL
Weekly,deepseek,Kazakhstan,2026-07-21,0.0,0.0036,-0.33,NORMAL,-0.12,NORMAL,0.0,NORMAL
Weekly,deepseek,Kenya,2026-07-21,0.0,0.0012,0.83,NORMAL,0.32,NORMAL,7.53,RED
Weekly,deepseek,Kiribati,2026-07-21,0.0,0.0,-0.02,NORMAL,-0.02,NORMAL,0.0,NORMAL
Weekly,deepseek,Kuwait,2026-07-21,0.0,0.0014,-0.19,NORMAL,-0.19,NORMAL,0.0,NORMAL
Weekly,deepseek,Kyrgyzstan,2026-07-21,0.0033,0.0033,1.09,NORMAL,1.13,NORMAL,12.02,RED
Weekly,deepseek,Laos,2026-07-21,0.0,0.0018,-0.28,NORMAL,-0.28,NORMAL,0.0,NORMAL
Weekly,deepseek,Latvia,2026-07-21,0.0,0.0,-0.0,NORMAL,-0.0,NORMAL,0.0,NORMAL
Weekly,deepseek,Lebanon,2026-07-21,0.0,0.0007,-0.3,NORMAL,-0.3,NORMAL,2.0,NORMAL
Weekly,deepseek,Lesotho,2026-07-21,0.0,0.0002,-0.09,NORMAL,-0.09,NORMAL,0.0,NORMAL
Weekly,deepseek,Liberia,2026-07-21,0.0,0.0,-0.04,NORMAL,-0.04,NORMAL,0.0,NORMAL
Weekly,deepseek,Libya,2026-07-21,0.0,0.0002,-0.14,NORMAL,-0.14,NORMAL,0.0,NORMAL
Weekly,deepseek,Liechtenstein,2026-07-21,0.0,0.0,0.0,NORMAL,0.0,NORMAL,0.0,NORMAL
Weekly,deepseek,Lithuania,2026-07-21,0.0,0.0,-0.0,NORMAL,-0.0,NORMAL,0.0,NORMAL
Weekly,deepseek,Luxembourg,2026-07-21,0.0,0.0001,-0.08,NORMAL,-0.08,NORMAL,0.0,NORMAL
Weekly,deepseek,Madagascar,2026-07-21,0.0,0.0014,0.66,NORMAL,0.88,NORMAL,7.48,RED
Weekly,deepseek,Malawi,2026-07-21,0.0,0.0001,-0.09,NORMAL,-0.09,NORMAL,0.0,NORMAL
Weekly,deepseek,Malaysia,2026-07-21,0.012,0.0148,-0.16,NORMAL,-0.16,NORMAL,0.0,NORMAL
Weekly,deepseek,Maldives,2026-07-21,0.0,0.0017,-0.18,NORMAL,-0.18,NORMAL,0.0,NORMAL
Weekly,deepseek,Mali,2026-07-21,0.0,0.0002,-0.15,NORMAL,-0.15,NORMAL,0.0,NORMAL
Weekly,deepseek,Malta,2026-07-21,0.0,0.0,-0.0,NORMAL,-0.0,NORMAL,0.0,NORMAL
Weekly,deepseek,Marshall Islands,2026-07-21,0.0,0.0001,-0.08,NORMAL,-0.08,NORMAL,0.0,NORMAL
Weekly,deepseek,Martinique,2026-07-21,0.0,0.0,-0.0,NORMAL,-0.0,NORMAL,0.0,NORMAL
Weekly,deepseek,Mauritania,2026-07-21,0.0,0.0,-0.0,NORMAL,-0.0,NORMAL,0.0,NORMAL
Weekly,deepseek,Mauritius,2026-07-21,0.0,0.0003,-0.1,NORMAL,-0.1,NORMAL,0.0,NORMAL
Weekly,deepseek,Mexico,2026-07-21,0.0,0.0006,-0.35,NORMAL,-0.35,NORMAL,6.62,RED
Weekly,deepseek,Micronesia (Federated States of),2026-07-21,0.0,0.0,-0.0,NORMAL,-0.0,NORMAL,0.0,NORMAL
Weekly,deepseek,Moldova,2026-07-21,0.0,0.0001,-0.17,NORMAL,-0.17,NORMAL,0.0,NORMAL
Weekly,deepseek,Monaco,2026-07-21,0.0,0.0,-0.0,NORMAL,-0.0,NORMAL,0.0,NORMAL
Weekly,deepseek,Mongolia,2026-07-21,0.0,0.0007,-0.22,NORMAL,-0.22,NORMAL,0.0,NORMAL
Weekly,deepseek,Montenegro,2026-07-21,0.0,0.0003,-0.2,NORMAL,-0.2,NORMAL,1.46,NORMAL
Weekly,deepseek,Morocco,2026-07-21,0.0,0.0003,-0.16,NORMAL,-0.16,NORMAL,0.0,NORMAL
Weekly,deepseek,Mozambique,2026-07-21,0.0,0.0008,1.25,NORMAL,0.6,NORMAL,2.48,NORMAL
Weekly,deepseek,Myanmar (Burma),2026-07-21,0.0,0.0022,-0.47,NORMAL,-0.47,NORMAL,0.0,NORMAL
Weekly,deepseek,Namibia,2026-07-21,0.0,0.0018,-0.18,NORMAL,-0.21,NORMAL,0.35,NORMAL
Weekly,deepseek,Nauru,2026-07-21,0.0,0.0014,-0.06,NORMAL,-0.06,NORMAL,0.0,NORMAL
Weekly,deepseek,Nepal,2026-07-21,0.0,0.0007,-0.34,NORMAL,-0.34,NORMAL,2.35,NORMAL
Weekly,deepseek,Netherlands,2026-07-21,0.0,0.0007,-0.21,NORMAL,-0.21,NORMAL,0.0,NORMAL
Weekly,deepseek,New Caledonia,2026-07-21,0.0,0.0,0.0,NORMAL,0.0,NORMAL,0.0,NORMAL
Weekly,deepseek,New Zealand,2026-07-21,0.0,0.0011,-0.33,NORMAL,-0.33,NORMAL,0.0,NORMAL
Weekly,deepseek,Nicaragua,2026-07-21,0.0,0.0002,-0.12,NORMAL,-0.12,NORMAL,0.0,NORMAL
Weekly,deepseek,Niger,2026-07-21,0.0,0.0,-0.0,NORMAL,-0.0,NORMAL,0.0,NORMAL
Weekly,deepseek,Nigeria,2026-07-21,0.0,0.0017,-0.24,NORMAL,0.04,NORMAL,2.78,NORMAL
Weekly,deepseek,Niue,2026-07-21,0.0,0.0,-0.0,NORMAL,-0.0,NORMAL,0.0,NORMAL
Weekly,deepseek,North Korea,2026-07-21,0.0,0.0043,-0.03,NORMAL,-0.1,NORMAL,2.38,NORMAL
Weekly,deepseek,North Macedonia,2026-07-21,0.0,0.0003,-0.2,NORMAL,-0.2,NORMAL,0.0,NORMAL
Weekly,deepseek,Northern Mariana Islands,2026-07-21,0.0,0.0,0.0,NORMAL,0.0,NORMAL,0.0,NORMAL
Weekly,deepseek,Norway,2026-07-21,0.0,0.0007,-0.28,NORMAL,-0.28,NORMAL,0.0,NORMAL
Weekly,deepseek,Oman,2026-07-21,0.0,0.0,-0.01,NORMAL,-0.01,NORMAL,0.0,NORMAL
Weekly,deepseek,Pakistan,2026-07-21,0.0,0.0035,0.12,NORMAL,0.12,NORMAL,0.75,NORMAL
Weekly,deepseek,Palau,2026-07-21,0.0,0.0,-0.0,NORMAL,-0.0,NORMAL,0.0,NORMAL
Weekly,deepseek,Palestinian Territories,2026-07-21,0.005,0.0027,-0.1,NORMAL,-0.16,NORMAL,0.0,NORMAL
Weekly,deepseek,Panama,2026-07-21,0.0,0.0006,-0.21,NORMAL,-0.21,NORMAL,0.0,NORMAL
Weekly,deepseek,Papua New Guinea,2026-07-21,0.0,0.0004,-0.16,NORMAL,-0.16,NORMAL,0.0,NORMAL
Weekly,deepseek,Paraguay,2026-07-21,0.0,0.0,-0.0,NORMAL,-0.0,NORMAL,0.0,NORMAL
Weekly,deepseek,Peru,2026-07-21,0.01,0.0011,0.72,NORMAL,0.61,NORMAL,2.46,NORMAL
Weekly,deepseek,Philippines,2026-07-21,0.35,0.0292,1.27,NORMAL,0.7,NORMAL,3.04,YELLOW
Weekly,deepseek,Poland,2026-07-21,0.0,0.0001,-0.01,NORMAL,-0.01,NORMAL,0.0,NORMAL
Weekly,deepseek,Portugal,2026-07-21,0.0,0.0007,-0.27,NORMAL,-0.27,NORMAL,0.0,NORMAL
Weekly,deepseek,Puerto Rico,2026-07-21,0.0,0.0,-0.0,NORMAL,-0.0,NORMAL,0.0,NORMAL
Weekly,deepseek,Qatar,2026-07-21,0.0,0.0003,-0.1,NORMAL,-0.1,NORMAL,0.0,NORMAL
Weekly,deepseek,Romania,2026-07-21,0.0,0.0002,-0.12,NORMAL,-0.12,NORMAL,0.0,NORMAL
Weekly,deepseek,Russia,2026-07-21,0.0175,0.0057,0.6,NORMAL,0.15,NORMAL,6.0,RED
Weekly,deepseek,Rwanda,2026-07-21,0.0,0.0007,1.36,NORMAL,1.7,NORMAL,9.04,RED
Weekly,deepseek,Réunion,2026-07-21,0.0,0.0,0.0,NORMAL,0.0,NORMAL,0.0,NORMAL
Weekly,deepseek,Samoa,2026-07-21,0.0,0.0,-0.07,NORMAL,-0.07,NORMAL,0.0,NORMAL
Weekly,deepseek,San Marino,2026-07-21,0.0,0.0,-0.0,NORMAL,-0.0,NORMAL,0.0,NORMAL
Weekly,deepseek,Saudi Arabia,2026-07-21,0.0,0.0024,-0.31,NORMAL,-0.22,NORMAL,0.0,NORMAL
Weekly,deepseek,Senegal,2026-07-21,0.0,0.0006,-0.09,NORMAL,-0.09,NORMAL,0.0,NORMAL
Weekly,deepseek,Serbia,2026-07-21,0.0,0.0017,-0.35,NORMAL,-0.35,NORMAL,0.0,NORMAL
Weekly,deepseek,Seychelles,2026-07-21,0.0,0.0002,-0.3,NORMAL,0.91,NORMAL,2.58,NORMAL
Weekly,deepseek,Sierra Leone,2026-07-21,0.0,0.0002,-0.18,NORMAL,-0.18,NORMAL,0.0,NORMAL
Weekly,deepseek,Singapore,2026-07-21,0.0,0.0019,-0.42,NORMAL,-0.42,NORMAL,0.0,NORMAL
Weekly,deepseek,Slovakia,2026-07-21,0.0,0.0001,-0.05,NORMAL,-0.05,NORMAL,0.0,NORMAL
Weekly,deepseek,Slovenia,2026-07-21,0.0,0.0001,-0.21,NORMAL,-0.21,NORMAL,0.0,NORMAL
Weekly,deepseek,Solomon Islands,2026-07-21,0.0,0.0,-0.01,NORMAL,-0.01,NORMAL,0.0,NORMAL
Weekly,deepseek,Somalia,2026-07-21,0.0,0.0,-0.0,NORMAL,-0.0,NORMAL,0.0,NORMAL
Weekly,deepseek,South Africa,2026-07-21,0.0,0.0023,-0.16,NORMAL,-0.31,NORMAL,2.21,NORMAL
Weekly,deepseek,South Korea,2026-07-21,0.0,0.0032,1.1,NORMAL,0.46,NORMAL,8.0,RED
Weekly,deepseek,South Sudan,2026-07-21,0.0,0.0007,-0.1,NORMAL,-0.1,NORMAL,0.0,NORMAL
Weekly,deepseek,Spain,2026-07-21,0.0027,0.0012,-0.12,NORMAL,-0.24,NORMAL,0.0,NORMAL
Weekly,deepseek,Sri Lanka,2026-07-21,0.005,0.0006,0.64,NORMAL,0.25,NORMAL,2.23,NORMAL
Weekly,deepseek,St. Helena,2026-07-21,0.0,0.0,0.0,NORMAL,0.0,NORMAL,0.0,NORMAL
Weekly,deepseek,St. Kitts & Nevis,2026-07-21,0.0,0.0,0.0,NORMAL,0.0,NORMAL,0.0,NORMAL
Weekly,deepseek,St. Lucia,2026-07-21,0.0,0.0,-0.0,NORMAL,-0.0,NORMAL,0.0,NORMAL
Weekly,deepseek,St. Vincent & Grenadines,2026-07-21,0.0,0.0,-0.0,NORMAL,-0.0,NORMAL,0.0,NORMAL
Weekly,deepseek,Sudan,2026-07-21,0.0,0.0002,-0.15,NORMAL,-0.15,NORMAL,0.0,NORMAL
Weekly,deepseek,Suriname,2026-07-21,0.0,0.0,-0.01,NORMAL,-0.01,NORMAL,0.0,NORMAL
Weekly,deepseek,Svalbard & Jan Mayen,2026-07-21,0.0,0.0,0.0,NORMAL,0.0,NORMAL,0.0,NORMAL
Weekly,deepseek,Sweden,2026-07-21,0.0,0.0002,-0.23,NORMAL,0.8,NORMAL,1.31,NORMAL
Weekly,deepseek,Switzerland,2026-07-21,0.0,0.0013,-0.44,NORMAL,-0.44,NORMAL,0.0,NORMAL
Weekly,deepseek,Syria,2026-07-21,0.0,0.0004,-0.25,NORMAL,-0.25,NORMAL,0.0,NORMAL
Weekly,deepseek,São Tomé & Príncipe,2026-07-21,0.0,0.0,-0.0,NORMAL,-0.0,NORMAL,0.0,NORMAL
Weekly,deepseek,Taiwan,2026-07-21,0.0,0.0286,-0.47,NORMAL,-0.43,NORMAL,0.0,NORMAL
Weekly,deepseek,Tajikistan,2026-07-21,0.0,0.0014,-0.19,NORMAL,-0.19,NORMAL,0.0,NORMAL
Weekly,deepseek,Tanzania,2026-07-21,0.0,0.0014,0.46,NORMAL,0.14,NORMAL,0.75,NORMAL
Weekly,deepseek,Thailand,2026-07-21,0.0029,0.007,-0.24,NORMAL,-0.26,NORMAL,0.0,NORMAL
Weekly,deepseek,Timor-Leste,2026-07-21,0.0,0.0003,-0.2,NORMAL,-0.2,NORMAL,1.46,NORMAL
Weekly,deepseek,Togo,2026-07-21,0.0,0.0,-0.0,NORMAL,-0.0,NORMAL,0.0,NORMAL
Weekly,deepseek,Tonga,2026-07-21,0.0,0.0003,-0.19,NORMAL,-0.19,NORMAL,0.18,NORMAL
Weekly,deepseek,Trinidad & Tobago,2026-07-21,0.0,0.0,-0.0,NORMAL,-0.0,NORMAL,0.0,NORMAL
Weekly,deepseek,Tunisia,2026-07-21,0.0,0.0,-0.0,NORMAL,-0.0,NORMAL,0.0,NORMAL
Weekly,deepseek,Turkey,2026-07-21,0.0,0.0056,-0.26,NORMAL,-0.26,NORMAL,11.52,RED
Weekly,deepseek,Turkmenistan,2026-07-21,0.0,0.0014,-0.4,NORMAL,-0.4,NORMAL,1.94,NORMAL
Weekly,deepseek,Tuvalu,2026-07-21,0.0,0.0,0.0,NORMAL,0.0,NORMAL,0.0,NORMAL
Weekly,deepseek,UK,2026-07-21,0.0,0.0026,-0.17,NORMAL,-0.3,NORMAL,0.0,NORMAL
Weekly,deepseek,US,2026-07-21,0.0249,0.013,0.35,NORMAL,0.17,NORMAL,0.54,NORMAL
Weekly,deepseek,Uganda,2026-07-21,0.005,0.0018,-0.01,NORMAL,-0.1,NORMAL,0.0,NORMAL
Weekly,deepseek,Ukraine,2026-07-21,0.0,0.0015,-0.36,NORMAL,-0.36,NORMAL,0.0,NORMAL
Weekly,deepseek,United Arab Emirates,2026-07-21,0.0,0.0017,-0.42,NORMAL,-0.42,NORMAL,2.38,NORMAL
Weekly,deepseek,Uruguay,2026-07-21,0.0,0.0008,-0.17,NORMAL,-0.17,NORMAL,0.0,NORMAL
Weekly,deepseek,Uzbekistan,2026-07-21,0.0,0.0013,-0.43,NORMAL,-0.43,NORMAL,0.0,NORMAL
Weekly,deepseek,Vanuatu,2026-07-21,0.0,0.0,-0.01,NORMAL,-0.01,NORMAL,0.0,NORMAL
Weekly,deepseek,Vatican City,2026-07-21,0.0,0.0,-0.0,NORMAL,-0.0,NORMAL,0.0,NORMAL
Weekly,deepseek,Venezuela,2026-07-21,0.0,0.0011,-0.25,NORMAL,-0.25,NORMAL,0.0,NORMAL
Weekly,deepseek,Vietnam,2026-07-21,0.0,0.0043,-0.22,NORMAL,-0.12,NORMAL,3.35,YELLOW
Weekly,deepseek,Western Sahara,2026-07-21,0.0,0.0,0.0,NORMAL,0.0,NORMAL,0.0,NORMAL
Weekly,deepseek,Yemen,2026-07-21,0.0,0.0,-0.0,NORMAL,-0.0,NORMAL,0.0,NORMAL
Weekly,deepseek,Zambia,2026-07-21,0.0,0.001,-0.37,NORMAL,-0.37,NORMAL,1.45,NORMAL
Weekly,deepseek,Zimbabwe,2026-07-21,0.0,0.0005,-0.24,NORMAL,-0.24,NORMAL,0.0,NORMAL
Weekly,lexicon,Afghanistan,2026-07-21,0.0,0.0,-0.07,NORMAL,-0.07,NORMAL,0.0,NORMAL
Weekly,lexicon,Albania,2026-07-21,0.0,0.0,-0.0,NORMAL,-0.0,NORMAL,0.0,NORMAL
Weekly,lexicon,Algeria,2026-07-21,0.0,0.0,-0.0,NORMAL,-0.0,NORMAL,0.0,NORMAL
Weekly,lexicon,American Samoa,2026-07-21,0.0,0.0,0.0,NORMAL,0.0,NORMAL,0.0,NORMAL
Weekly,lexicon,Andorra,2026-07-21,0.0,0.0,0.0,NORMAL,0.0,NORMAL,0.0,NORMAL
Weekly,lexicon,Angola,2026-07-21,0.0,0.0,-0.0,NORMAL,-0.0,NORMAL,0.0,NORMAL
Weekly,lexicon,Antarctica,2026-07-21,0.0,0.0,0.0,NORMAL,0.0,NORMAL,0.0,NORMAL
Weekly,lexicon,Antigua & Barbuda,2026-07-21,0.0,0.0,-0.0,NORMAL,-0.0,NORMAL,0.0,NORMAL
Weekly,lexicon,Argentina,2026-07-21,0.0,0.0,-0.0,NORMAL,-0.0,NORMAL,0.0,NORMAL
Weekly,lexicon,Armenia,2026-07-21,0.0,0.0,-0.07,NORMAL,-0.07,NORMAL,0.0,NORMAL
Weekly,lexicon,Aruba,2026-07-21,0.0,0.0,0.0,NORMAL,0.0,NORMAL,0.0,NORMAL
Weekly,lexicon,Australia,2026-07-21,0.0,0.0,-0.01,NORMAL,-0.01,NORMAL,0.0,NORMAL
Weekly,lexicon,Austria,2026-07-21,0.0,0.0,-0.0,NORMAL,-0.0,NORMAL,0.0,NORMAL
Weekly,lexicon,Azerbaijan,2026-07-21,0.0,0.0,-0.0,NORMAL,-0.0,NORMAL,0.0,NORMAL
Weekly,lexicon,Bahamas,2026-07-21,0.0,0.0,-0.0,NORMAL,-0.0,NORMAL,0.0,NORMAL
Weekly,lexicon,Bahrain,2026-07-21,0.0,0.0,-0.04,NORMAL,-0.04,NORMAL,0.0,NORMAL
Weekly,lexicon,Bangladesh,2026-07-21,0.0,0.0,-0.0,NORMAL,-0.0,NORMAL,0.0,NORMAL
Weekly,lexicon,Barbados,2026-07-21,0.0,0.0,-0.0,NORMAL,-0.0,NORMAL,0.0,NORMAL
Weekly,lexicon,Belarus,2026-07-21,0.0,0.0,-0.0,NORMAL,-0.0,NORMAL,0.0,NORMAL
Weekly,lexicon,Belgium,2026-07-21,0.0,0.0,-0.0,NORMAL,-0.0,NORMAL,0.0,NORMAL
Weekly,lexicon,Belize,2026-07-21,0.0,0.0,-0.0,NORMAL,-0.0,NORMAL,0.0,NORMAL
Weekly,lexicon,Benin,2026-07-21,0.0,0.0,-0.0,NORMAL,-0.0,NORMAL,0.0,NORMAL
Weekly,lexicon,Bermuda,2026-07-21,0.0,0.0,0.0,NORMAL,0.0,NORMAL,0.0,NORMAL
Weekly,lexicon,Bhutan,2026-07-21,0.0,0.0,0.0,NORMAL,0.0,NORMAL,0.0,NORMAL
Weekly,lexicon,Bolivia,2026-07-21,0.0,0.0,-0.0,NORMAL,-0.0,NORMAL,0.0,NORMAL
Weekly,lexicon,Bosnia & Herzegovina,2026-07-21,0.0,0.0,-0.0,NORMAL,-0.0,NORMAL,0.0,NORMAL
Weekly,lexicon,Botswana,2026-07-21,0.0,0.0,-0.0,NORMAL,-0.0,NORMAL,0.0,NORMAL
Weekly,lexicon,Brazil,2026-07-21,0.0,0.0,-0.29,NORMAL,-0.29,NORMAL,0.0,NORMAL
Weekly,lexicon,British Virgin Islands,2026-07-21,0.0,0.0,0.0,NORMAL,0.0,NORMAL,0.0,NORMAL
Weekly,lexicon,Brunei,2026-07-21,0.0,0.0,0.0,NORMAL,0.0,NORMAL,0.0,NORMAL
Weekly,lexicon,Bulgaria,2026-07-21,0.0,0.0,-0.0,NORMAL,-0.0,NORMAL,0.0,NORMAL
Weekly,lexicon,Burkina Faso,2026-07-21,0.0,0.0,0.0,NORMAL,0.0,NORMAL,0.0,NORMAL
Weekly,lexicon,Burundi,2026-07-21,0.0,0.0,-0.0,NORMAL,-0.0,NORMAL,0.0,NORMAL
Weekly,lexicon,Cambodia,2026-07-21,0.0,0.0,-0.0,NORMAL,-0.0,NORMAL,0.0,NORMAL
Weekly,lexicon,Cameroon,2026-07-21,0.0,0.0,-0.0,NORMAL,-0.0,NORMAL,0.0,NORMAL
Weekly,lexicon,Canada,2026-07-21,0.0,0.0001,-0.24,NORMAL,-0.24,NORMAL,0.0,NORMAL
Weekly,lexicon,Cape Verde,2026-07-21,0.0,0.0,-0.0,NORMAL,-0.0,NORMAL,0.0,NORMAL
Weekly,lexicon,Cayman Islands,2026-07-21,0.0,0.0,0.0,NORMAL,0.0,NORMAL,0.0,NORMAL
Weekly,lexicon,Central African Republic,2026-07-21,0.0,0.0,-0.0,NORMAL,-0.0,NORMAL,0.0,NORMAL
Weekly,lexicon,Chad,2026-07-21,0.0,0.0,-0.0,NORMAL,-0.0,NORMAL,0.0,NORMAL
Weekly,lexicon,Chile,2026-07-21,0.0,0.0,-0.0,NORMAL,-0.0,NORMAL,0.0,NORMAL
Weekly,lexicon,China,2026-07-21,0.0,0.0,-0.0,NORMAL,-0.0,NORMAL,0.0,NORMAL
Weekly,lexicon,Colombia,2026-07-21,0.0,0.0,-0.0,NORMAL,-0.0,NORMAL,0.0,NORMAL
Weekly,lexicon,Comoros,2026-07-21,0.0,0.0,0.0,NORMAL,0.0,NORMAL,0.0,NORMAL
Weekly,lexicon,Congo - Brazzaville,2026-07-21,0.0,0.0,-0.0,NORMAL,-0.0,NORMAL,0.0,NORMAL
Weekly,lexicon,Congo - Kinshasa,2026-07-21,0.0,0.0,-0.0,NORMAL,-0.0,NORMAL,0.0,NORMAL
Weekly,lexicon,Cook Islands,2026-07-21,0.0,0.0,0.0,NORMAL,0.0,NORMAL,0.0,NORMAL
Weekly,lexicon,Costa Rica,2026-07-21,0.0,0.0,-0.0,NORMAL,-0.0,NORMAL,0.0,NORMAL
Weekly,lexicon,Croatia,2026-07-21,0.0,0.0,-0.0,NORMAL,-0.0,NORMAL,0.0,NORMAL
Weekly,lexicon,Cuba,2026-07-21,0.0,0.0,-0.02,NORMAL,-0.02,NORMAL,0.0,NORMAL
Weekly,lexicon,Curaçao,2026-07-21,0.0,0.0,0.0,NORMAL,0.0,NORMAL,0.0,NORMAL
Weekly,lexicon,Cyprus,2026-07-21,0.0,0.0,-0.0,NORMAL,-0.0,NORMAL,0.0,NORMAL
Weekly,lexicon,Czechia,2026-07-21,0.0,0.0,-0.0,NORMAL,-0.0,NORMAL,0.0,NORMAL
Weekly,lexicon,Côte d’Ivoire,2026-07-21,0.0,0.0,-0.0,NORMAL,-0.0,NORMAL,0.0,NORMAL
Weekly,lexicon,Denmark,2026-07-21,0.0,0.0,-0.0,NORMAL,-0.0,NORMAL,0.0,NORMAL
Weekly,lexicon,Djibouti,2026-07-21,0.0,0.0,-0.0,NORMAL,-0.0,NORMAL,0.0,NORMAL
Weekly,lexicon,Dominica,2026-07-21,0.0,0.0,0.0,NORMAL,0.0,NORMAL,0.0,NORMAL
Weekly,lexicon,Dominican Republic,2026-07-21,0.0,0.0,-0.0,NORMAL,-0.0,NORMAL,0.0,NORMAL
Weekly,lexicon,Ecuador,2026-07-21,0.0,0.0,-0.0,NORMAL,-0.0,NORMAL,0.0,NORMAL
Weekly,lexicon,Egypt,2026-07-21,0.0,0.0001,-0.15,NORMAL,-0.15,NORMAL,0.0,NORMAL
Weekly,lexicon,El Salvador,2026-07-21,0.0,0.0,-0.0,NORMAL,-0.0,NORMAL,0.0,NORMAL
Weekly,lexicon,Equatorial Guinea,2026-07-21,0.0,0.0,0.0,NORMAL,0.0,NORMAL,0.0,NORMAL
Weekly,lexicon,Eritrea,2026-07-21,0.0,0.0,0.0,NORMAL,0.0,NORMAL,0.0,NORMAL
Weekly,lexicon,Estonia,2026-07-21,0.0,0.0,0.0,NORMAL,0.0,NORMAL,0.0,NORMAL
Weekly,lexicon,Eswatini,2026-07-21,0.0,0.0001,-0.16,NORMAL,-0.16,NORMAL,0.0,NORMAL
Weekly,lexicon,Ethiopia,2026-07-21,0.0,0.0,-0.0,NORMAL,-0.0,NORMAL,0.0,NORMAL
Weekly,lexicon,Faroe Islands,2026-07-21,0.0,0.0,0.0,NORMAL,0.0,NORMAL,0.0,NORMAL
Weekly,lexicon,Fiji,2026-07-21,0.0,0.0,-0.06,NORMAL,-0.06,NORMAL,0.0,NORMAL
Weekly,lexicon,Finland,2026-07-21,0.0,0.0,-0.0,NORMAL,-0.0,NORMAL,0.0,NORMAL
Weekly,lexicon,France,2026-07-21,0.0,0.0,-0.15,NORMAL,-0.15,NORMAL,0.0,NORMAL
Weekly,lexicon,French Polynesia,2026-07-21,0.0,0.0,0.0,NORMAL,0.0,NORMAL,0.0,NORMAL
Weekly,lexicon,Gabon,2026-07-21,0.0,0.0,-0.0,NORMAL,-0.0,NORMAL,0.0,NORMAL
Weekly,lexicon,Gambia,2026-07-21,0.0,0.0,-0.0,NORMAL,-0.0,NORMAL,0.0,NORMAL
Weekly,lexicon,Georgia,2026-07-21,0.0,0.0,-0.0,NORMAL,-0.0,NORMAL,0.0,NORMAL
Weekly,lexicon,Germany,2026-07-21,0.0,0.0,-0.37,NORMAL,-0.37,NORMAL,1.67,NORMAL
Weekly,lexicon,Ghana,2026-07-21,0.0,0.0,-0.0,NORMAL,-0.0,NORMAL,0.0,NORMAL
Weekly,lexicon,Gibraltar,2026-07-21,0.0,0.0,0.0,NORMAL,0.0,NORMAL,0.0,NORMAL
Weekly,lexicon,Greece,2026-07-21,0.0,0.0,-0.21,NORMAL,-0.21,NORMAL,1.89,NORMAL
Weekly,lexicon,Greenland,2026-07-21,0.0,0.0,-0.11,NORMAL,-0.11,NORMAL,0.0,NORMAL
Weekly,lexicon,Grenada,2026-07-21,0.0,0.0,-0.0,NORMAL,-0.0,NORMAL,0.0,NORMAL
Weekly,lexicon,Guadeloupe,2026-07-21,0.0,0.0,0.0,NORMAL,0.0,NORMAL,0.0,NORMAL
Weekly,lexicon,Guam,2026-07-21,0.0,0.0,-0.01,NORMAL,-0.01,NORMAL,0.0,NORMAL
Weekly,lexicon,Guatemala,2026-07-21,0.0,0.0,-0.0,NORMAL,-0.0,NORMAL,0.0,NORMAL
Weekly,lexicon,Guinea,2026-07-21,0.0,0.0,-0.0,NORMAL,-0.0,NORMAL,0.0,NORMAL
Weekly,lexicon,Guinea-Bissau,2026-07-21,0.0,0.0,-0.0,NORMAL,-0.0,NORMAL,0.0,NORMAL
Weekly,lexicon,Guyana,2026-07-21,0.0,0.0,-0.0,NORMAL,-0.0,NORMAL,0.0,NORMAL
Weekly,lexicon,Haiti,2026-07-21,0.0,0.0,-0.0,NORMAL,-0.0,NORMAL,0.0,NORMAL
Weekly,lexicon,Honduras,2026-07-21,0.0,0.0,-0.0,NORMAL,-0.0,NORMAL,0.0,NORMAL
Weekly,lexicon,Hungary,2026-07-21,0.0,0.0,-0.02,NORMAL,-0.02,NORMAL,0.0,NORMAL
Weekly,lexicon,Iceland,2026-07-21,0.0,0.0,-0.0,NORMAL,-0.0,NORMAL,0.0,NORMAL
Weekly,lexicon,India,2026-07-21,0.0,0.0001,-0.15,NORMAL,-0.15,NORMAL,0.0,NORMAL
Weekly,lexicon,Indonesia,2026-07-21,0.0,0.0,-0.01,NORMAL,-0.01,NORMAL,0.0,NORMAL
Weekly,lexicon,Iran,2026-07-21,0.0,0.0001,-0.48,NORMAL,-0.48,NORMAL,0.0,NORMAL
Weekly,lexicon,Iraq,2026-07-21,0.0,0.0001,-0.18,NORMAL,-0.18,NORMAL,0.0,NORMAL
Weekly,lexicon,Ireland,2026-07-21,0.0,0.0,-0.0,NORMAL,-0.0,NORMAL,0.0,NORMAL
Weekly,lexicon,Israel,2026-07-21,0.0,0.0001,-0.38,NORMAL,-0.38,NORMAL,0.0,NORMAL
Weekly,lexicon,Italy,2026-07-21,0.0,0.0,-0.0,NORMAL,-0.0,NORMAL,0.0,NORMAL
Weekly,lexicon,Jamaica,2026-07-21,0.0,0.0,-0.0,NORMAL,-0.0,NORMAL,0.0,NORMAL
Weekly,lexicon,Japan,2026-07-21,0.0002,0.0002,-0.05,NORMAL,-0.15,NORMAL,0.0,NORMAL
Weekly,lexicon,Jordan,2026-07-21,0.0,0.0,-0.0,NORMAL,-0.0,NORMAL,0.0,NORMAL
Weekly,lexicon,Kazakhstan,2026-07-21,0.0,0.0,-0.0,NORMAL,-0.0,NORMAL,0.0,NORMAL
Weekly,lexicon,Kenya,2026-07-21,0.0,0.0,-0.0,NORMAL,-0.0,NORMAL,0.0,NORMAL
Weekly,lexicon,Kiribati,2026-07-21,0.0,0.0,-0.0,NORMAL,-0.0,NORMAL,0.0,NORMAL
Weekly,lexicon,Kuwait,2026-07-21,0.0,0.0,-0.0,NORMAL,-0.0,NORMAL,0.0,NORMAL
Weekly,lexicon,Kyrgyzstan,2026-07-21,0.0,0.0,-0.0,NORMAL,-0.0,NORMAL,0.0,NORMAL
Weekly,lexicon,Laos,2026-07-21,0.0,0.0,-0.0,NORMAL,-0.0,NORMAL,0.0,NORMAL
Weekly,lexicon,Latvia,2026-07-21,0.0,0.0,-0.0,NORMAL,-0.0,NORMAL,0.0,NORMAL
Weekly,lexicon,Lebanon,2026-07-21,0.0,0.0,-0.0,NORMAL,-0.0,NORMAL,0.0,NORMAL
Weekly,lexicon,Lesotho,2026-07-21,0.0,0.0,-0.0,NORMAL,-0.0,NORMAL,0.0,NORMAL
Weekly,lexicon,Liberia,2026-07-21,0.0,0.0,-0.0,NORMAL,-0.0,NORMAL,0.0,NORMAL
Weekly,lexicon,Libya,2026-07-21,0.0,0.0,-0.0,NORMAL,-0.0,NORMAL,0.0,NORMAL
Weekly,lexicon,Liechtenstein,2026-07-21,0.0,0.0,0.0,NORMAL,0.0,NORMAL,0.0,NORMAL
Weekly,lexicon,Lithuania,2026-07-21,0.0,0.0,-0.0,NORMAL,-0.0,NORMAL,0.0,NORMAL
Weekly,lexicon,Luxembourg,2026-07-21,0.0,0.0,-0.0,NORMAL,-0.0,NORMAL,0.0,NORMAL
Weekly,lexicon,Madagascar,2026-07-21,0.0,0.0,-0.0,NORMAL,-0.0,NORMAL,0.0,NORMAL
Weekly,lexicon,Malawi,2026-07-21,0.0,0.0,-0.0,NORMAL,-0.0,NORMAL,0.0,NORMAL
Weekly,lexicon,Malaysia,2026-07-21,0.0,0.0,-0.0,NORMAL,-0.0,NORMAL,0.0,NORMAL
Weekly,lexicon,Maldives,2026-07-21,0.0,0.0,-0.0,NORMAL,-0.0,NORMAL,0.0,NORMAL
Weekly,lexicon,Mali,2026-07-21,0.0,0.0,-0.0,NORMAL,-0.0,NORMAL,0.0,NORMAL
Weekly,lexicon,Malta,2026-07-21,0.0,0.0,-0.0,NORMAL,-0.0,NORMAL,0.0,NORMAL
Weekly,lexicon,Marshall Islands,2026-07-21,0.0,0.0,-0.0,NORMAL,-0.0,NORMAL,0.0,NORMAL
Weekly,lexicon,Martinique,2026-07-21,0.0,0.0,0.0,NORMAL,0.0,NORMAL,0.0,NORMAL
Weekly,lexicon,Mauritania,2026-07-21,0.0,0.0,-0.0,NORMAL,-0.0,NORMAL,0.0,NORMAL
Weekly,lexicon,Mauritius,2026-07-21,0.0,0.0,-0.0,NORMAL,-0.0,NORMAL,0.0,NORMAL
Weekly,lexicon,Mexico,2026-07-21,0.0,0.0,-0.23,NORMAL,-0.23,NORMAL,0.0,NORMAL
Weekly,lexicon,Micronesia (Federated States of),2026-07-21,0.0,0.0,0.0,NORMAL,0.0,NORMAL,0.0,NORMAL
Weekly,lexicon,Moldova,2026-07-21,0.0,0.0,-0.0,NORMAL,-0.0,NORMAL,0.0,NORMAL
Weekly,lexicon,Monaco,2026-07-21,0.0,0.0,-0.0,NORMAL,-0.0,NORMAL,0.0,NORMAL
Weekly,lexicon,Mongolia,2026-07-21,0.0,0.0,-0.0,NORMAL,-0.0,NORMAL,0.0,NORMAL
Weekly,lexicon,Montenegro,2026-07-21,0.0,0.0,-0.0,NORMAL,-0.0,NORMAL,0.0,NORMAL
Weekly,lexicon,Morocco,2026-07-21,0.0,0.0,-0.0,NORMAL,-0.0,NORMAL,0.0,NORMAL
Weekly,lexicon,Mozambique,2026-07-21,0.0,0.0,-0.0,NORMAL,-0.0,NORMAL,0.0,NORMAL
Weekly,lexicon,Myanmar (Burma),2026-07-21,0.0,0.0002,-0.14,NORMAL,-0.14,NORMAL,0.0,NORMAL
Weekly,lexicon,Namibia,2026-07-21,0.0,0.0,-0.0,NORMAL,-0.0,NORMAL,0.0,NORMAL
Weekly,lexicon,Nauru,2026-07-21,0.0,0.0,-0.06,NORMAL,-0.06,NORMAL,0.0,NORMAL
Weekly,lexicon,Nepal,2026-07-21,0.0,0.0,-0.12,NORMAL,-0.12,NORMAL,0.0,NORMAL
Weekly,lexicon,Netherlands,2026-07-21,0.0,0.0,-0.0,NORMAL,-0.0,NORMAL,0.0,NORMAL
Weekly,lexicon,New Caledonia,2026-07-21,0.0,0.0,0.0,NORMAL,0.0,NORMAL,0.0,NORMAL
Weekly,lexicon,New Zealand,2026-07-21,0.0,0.0,-0.01,NORMAL,-0.01,NORMAL,0.0,NORMAL
Weekly,lexicon,Nicaragua,2026-07-21,0.0,0.0,-0.0,NORMAL,-0.0,NORMAL,0.0,NORMAL
Weekly,lexicon,Niger,2026-07-21,0.0,0.0,-0.0,NORMAL,-0.0,NORMAL,0.0,NORMAL
Weekly,lexicon,Nigeria,2026-07-21,0.0,0.0,-0.0,NORMAL,-0.0,NORMAL,0.0,NORMAL
Weekly,lexicon,Niue,2026-07-21,0.0,0.0,0.0,NORMAL,0.0,NORMAL,0.0,NORMAL
Weekly,lexicon,North Korea,2026-07-21,0.0,0.0,-0.09,NORMAL,-0.09,NORMAL,0.0,NORMAL
Weekly,lexicon,North Macedonia,2026-07-21,0.0,0.0,-0.0,NORMAL,-0.0,NORMAL,0.0,NORMAL
Weekly,lexicon,Northern Mariana Islands,2026-07-21,0.0,0.0,0.0,NORMAL,0.0,NORMAL,0.0,NORMAL
Weekly,lexicon,Norway,2026-07-21,0.0,0.0,-0.05,NORMAL,-0.05,NORMAL,0.0,NORMAL
Weekly,lexicon,Oman,2026-07-21,0.0,0.0,-0.04,NORMAL,-0.04,NORMAL,0.0,NORMAL
Weekly,lexicon,Pakistan,2026-07-21,0.0,0.0,-0.17,NORMAL,-0.17,NORMAL,0.0,NORMAL
Weekly,lexicon,Palau,2026-07-21,0.0,0.0,0.0,NORMAL,0.0,NORMAL,0.0,NORMAL
Weekly,lexicon,Palestinian Territories,2026-07-21,0.0,0.0,-0.18,NORMAL,-0.18,NORMAL,0.0,NORMAL
Weekly,lexicon,Panama,2026-07-21,0.0,0.0,-0.09,NORMAL,-0.09,NORMAL,0.0,NORMAL
Weekly,lexicon,Papua New Guinea,2026-07-21,0.0,0.0,-0.0,NORMAL,-0.0,NORMAL,0.0,NORMAL
Weekly,lexicon,Paraguay,2026-07-21,0.0,0.0,-0.0,NORMAL,-0.0,NORMAL,0.0,NORMAL
Weekly,lexicon,Peru,2026-07-21,0.0,0.0,-0.0,NORMAL,-0.0,NORMAL,0.0,NORMAL
Weekly,lexicon,Philippines,2026-07-21,0.0027,0.0003,0.42,NORMAL,0.17,NORMAL,0.86,NORMAL
Weekly,lexicon,Poland,2026-07-21,0.0,0.0,-0.0,NORMAL,-0.0,NORMAL,0.0,NORMAL
Weekly,lexicon,Portugal,2026-07-21,0.0,0.0,-0.0,NORMAL,-0.0,NORMAL,0.0,NORMAL
Weekly,lexicon,Puerto Rico,2026-07-21,0.0,0.0,0.0,NORMAL,0.0,NORMAL,0.0,NORMAL
Weekly,lexicon,Qatar,2026-07-21,0.0,0.0001,-0.15,NORMAL,-0.15,NORMAL,0.0,NORMAL
Weekly,lexicon,Romania,2026-07-21,0.0,0.0,-0.0,NORMAL,-0.0,NORMAL,0.0,NORMAL
Weekly,lexicon,Russia,2026-07-21,0.0,0.0001,-0.28,NORMAL,-0.06,NORMAL,0.0,NORMAL
Weekly,lexicon,Rwanda,2026-07-21,0.0,0.0,-0.0,NORMAL,-0.0,NORMAL,0.0,NORMAL
Weekly,lexicon,Réunion,2026-07-21,0.0,0.0,0.0,NORMAL,0.0,NORMAL,0.0,NORMAL
Weekly,lexicon,Samoa,2026-07-21,0.0,0.0,0.0,NORMAL,0.0,NORMAL,0.0,NORMAL
Weekly,lexicon,San Marino,2026-07-21,0.0,0.0,0.0,NORMAL,0.0,NORMAL,0.0,NORMAL
Weekly,lexicon,Saudi Arabia,2026-07-21,0.0,0.0,-0.08,NORMAL,-0.08,NORMAL,0.0,NORMAL
Weekly,lexicon,Senegal,2026-07-21,0.0,0.0,-0.0,NORMAL,-0.0,NORMAL,0.0,NORMAL
Weekly,lexicon,Serbia,2026-07-21,0.0,0.0,-0.0,NORMAL,-0.0,NORMAL,0.0,NORMAL
Weekly,lexicon,Seychelles,2026-07-21,0.0,0.0,0.0,NORMAL,0.0,NORMAL,0.0,NORMAL
Weekly,lexicon,Sierra Leone,2026-07-21,0.0,0.0,-0.0,NORMAL,-0.0,NORMAL,0.0,NORMAL
Weekly,lexicon,Singapore,2026-07-21,0.0,0.0,-0.0,NORMAL,-0.0,NORMAL,0.0,NORMAL
Weekly,lexicon,Slovakia,2026-07-21,0.0,0.0,-0.0,NORMAL,-0.0,NORMAL,0.0,NORMAL
Weekly,lexicon,Slovenia,2026-07-21,0.0,0.0,-0.0,NORMAL,-0.0,NORMAL,0.0,NORMAL
Weekly,lexicon,Solomon Islands,2026-07-21,0.0,0.0,0.0,NORMAL,0.0,NORMAL,0.0,NORMAL
Weekly,lexicon,Somalia,2026-07-21,0.0,0.0,-0.0,NORMAL,-0.0,NORMAL,0.0,NORMAL
Weekly,lexicon,South Africa,2026-07-21,0.0,0.0,-0.09,NORMAL,-0.09,NORMAL,0.0,NORMAL
Weekly,lexicon,South Korea,2026-07-21,0.0,0.0,-0.28,NORMAL,-0.28,NORMAL,0.0,NORMAL
Weekly,lexicon,South Sudan,2026-07-21,0.0,0.0,-0.0,NORMAL,-0.0,NORMAL,0.0,NORMAL
Weekly,lexicon,Spain,2026-07-21,0.0,0.0,-0.02,NORMAL,-0.02,NORMAL,0.0,NORMAL
Weekly,lexicon,Sri Lanka,2026-07-21,0.0,0.0,-0.0,NORMAL,-0.0,NORMAL,0.0,NORMAL
Weekly,lexicon,St. Helena,2026-07-21,0.0,0.0,0.0,NORMAL,0.0,NORMAL,0.0,NORMAL
Weekly,lexicon,St. Kitts & Nevis,2026-07-21,0.0,0.0,0.0,NORMAL,0.0,NORMAL,0.0,NORMAL
Weekly,lexicon,St. Lucia,2026-07-21,0.0,0.0,-0.0,NORMAL,-0.0,NORMAL,0.0,NORMAL
Weekly,lexicon,St. Vincent & Grenadines,2026-07-21,0.0,0.0,0.0,NORMAL,0.0,NORMAL,0.0,NORMAL
Weekly,lexicon,Sudan,2026-07-21,0.0,0.0,-0.01,NORMAL,-0.01,NORMAL,0.0,NORMAL
Weekly,lexicon,Suriname,2026-07-21,0.0,0.0,-0.0,NORMAL,-0.0,NORMAL,0.0,NORMAL
Weekly,lexicon,Svalbard & Jan Mayen,2026-07-21,0.0,0.0,0.0,NORMAL,0.0,NORMAL,0.0,NORMAL
Weekly,lexicon,Sweden,2026-07-21,0.0,0.0,-0.0,NORMAL,-0.0,NORMAL,0.0,NORMAL
Weekly,lexicon,Switzerland,2026-07-21,0.0,0.0,-0.0,NORMAL,-0.0,NORMAL,0.0,NORMAL
Weekly,lexicon,Syria,2026-07-21,0.0,0.0,-0.0,NORMAL,-0.0,NORMAL,0.0,NORMAL
Weekly,lexicon,São Tomé & Príncipe,2026-07-21,0.0,0.0,0.0,NORMAL,0.0,NORMAL,0.0,NORMAL
Weekly,lexicon,Taiwan,2026-07-21,0.0,0.0002,-0.3,NORMAL,-0.22,NORMAL,0.0,NORMAL
Weekly,lexicon,Tajikistan,2026-07-21,0.0,0.0,-0.0,NORMAL,-0.0,NORMAL,0.0,NORMAL
Weekly,lexicon,Tanzania,2026-07-21,0.0,0.0,-0.0,NORMAL,-0.0,NORMAL,0.0,NORMAL
Weekly,lexicon,Thailand,2026-07-21,0.0,0.0,-0.17,NORMAL,-0.17,NORMAL,0.0,NORMAL
Weekly,lexicon,Timor-Leste,2026-07-21,0.0,0.0,-0.0,NORMAL,-0.0,NORMAL,0.0,NORMAL
Weekly,lexicon,Togo,2026-07-21,0.0,0.0,-0.0,NORMAL,-0.0,NORMAL,0.0,NORMAL
Weekly,lexicon,Tonga,2026-07-21,0.0,0.0,-0.0,NORMAL,-0.0,NORMAL,0.0,NORMAL
Weekly,lexicon,Trinidad & Tobago,2026-07-21,0.0,0.0,-0.0,NORMAL,-0.0,NORMAL,0.0,NORMAL
Weekly,lexicon,Tunisia,2026-07-21,0.0,0.0,-0.0,NORMAL,-0.0,NORMAL,0.0,NORMAL
Weekly,lexicon,Turkey,2026-07-21,0.0,0.0,-0.18,NORMAL,-0.18,NORMAL,0.0,NORMAL
Weekly,lexicon,Turkmenistan,2026-07-21,0.0,0.0,-0.0,NORMAL,-0.0,NORMAL,0.0,NORMAL
Weekly,lexicon,Tuvalu,2026-07-21,0.0,0.0,0.0,NORMAL,0.0,NORMAL,0.0,NORMAL
Weekly,lexicon,UK,2026-07-21,0.0,0.0,1.35,NORMAL,0.69,NORMAL,2.73,NORMAL
Weekly,lexicon,US,2026-07-21,0.0,0.0001,-0.3,NORMAL,-0.25,NORMAL,0.0,NORMAL
Weekly,lexicon,Uganda,2026-07-21,0.0,0.0,-0.0,NORMAL,-0.0,NORMAL,0.0,NORMAL
Weekly,lexicon,Ukraine,2026-07-21,0.0,0.0001,-0.24,NORMAL,1.19,NORMAL,4.63,YELLOW
Weekly,lexicon,United Arab Emirates,2026-07-21,0.0,0.0,-0.06,NORMAL,-0.06,NORMAL,0.0,NORMAL
Weekly,lexicon,Uruguay,2026-07-21,0.0,0.0,-0.0,NORMAL,-0.0,NORMAL,0.0,NORMAL
Weekly,lexicon,Uzbekistan,2026-07-21,0.0,0.0,-0.0,NORMAL,-0.0,NORMAL,0.0,NORMAL
Weekly,lexicon,Vanuatu,2026-07-21,0.0,0.0,0.0,NORMAL,0.0,NORMAL,0.0,NORMAL
Weekly,lexicon,Vatican City,2026-07-21,0.0,0.0,-0.0,NORMAL,-0.0,NORMAL,0.0,NORMAL
Weekly,lexicon,Venezuela,2026-07-21,0.0,0.0,-0.39,NORMAL,-0.39,NORMAL,0.0,NORMAL
Weekly,lexicon,Vietnam,2026-07-21,0.0,0.0,-0.09,NORMAL,-0.09,NORMAL,0.0,NORMAL
Weekly,lexicon,Western Sahara,2026-07-21,0.0,0.0,0.0,NORMAL,0.0,NORMAL,0.0,NORMAL
Weekly,lexicon,Yemen,2026-07-21,0.0,0.0,-0.0,NORMAL,-0.0,NORMAL,0.0,NORMAL
Weekly,lexicon,Zambia,2026-07-21,0.0,0.0,-0.0,NORMAL,-0.0,NORMAL,0.0,NORMAL
Weekly,lexicon,Zimbabwe,2026-07-21,0.0,0.0,-0.0,NORMAL,-0.0,NORMAL,0.0,NORMAL
Weekly,lss,Afghanistan,2026-07-21,0.0,-0.0158,0.12,NORMAL,0.12,NORMAL,0.0,NORMAL
Weekly,lss,Albania,2026-07-21,0.0,-0.0236,0.17,NORMAL,0.17,NORMAL,0.0,NORMAL
Weekly,lss,Algeria,2026-07-21,0.0,-0.0548,0.21,NORMAL,0.21,NORMAL,0.0,NORMAL
Weekly,lss,American Samoa,2026-07-21,0.0,-0.0,0.0,NORMAL,0.0,NORMAL,0.0,NORMAL
Weekly,lss,Andorra,2026-07-21,0.0,-0.0032,0.04,NORMAL,0.04,NORMAL,0.0,NORMAL
Weekly,lss,Angola,2026-07-21,0.0,-0.0277,0.11,NORMAL,0.11,NORMAL,0.0,NORMAL
Weekly,lss,Antarctica,2026-07-21,0.0,-0.0017,0.07,NORMAL,0.07,NORMAL,0.0,NORMAL
Weekly,lss,Antigua & Barbuda,2026-07-21,0.0,-0.0078,0.21,NORMAL,0.21,NORMAL,0.0,NORMAL
Weekly,lss,Argentina,2026-07-21,-0.0164,-0.084,0.19,NORMAL,0.2,NORMAL,0.0,NORMAL
Weekly,lss,Armenia,2026-07-21,0.0,-0.0226,0.07,NORMAL,0.07,NORMAL,0.0,NORMAL
Weekly,lss,Aruba,2026-07-21,0.0,-0.0,0.0,NORMAL,0.0,NORMAL,0.0,NORMAL
Weekly,lss,Australia,2026-07-21,-0.0124,-0.1416,0.37,NORMAL,0.39,NORMAL,6.01,RED
Weekly,lss,Austria,2026-07-21,0.0,-0.091,0.27,NORMAL,0.26,NORMAL,0.0,NORMAL
Weekly,lss,Azerbaijan,2026-07-21,0.0,-0.052,0.24,NORMAL,0.24,NORMAL,0.0,NORMAL
Weekly,lss,Bahamas,2026-07-21,0.0,-0.0031,0.03,NORMAL,0.03,NORMAL,0.0,NORMAL
Weekly,lss,Bahrain,2026-07-21,0.0,-0.0173,0.24,NORMAL,0.24,NORMAL,0.0,NORMAL
Weekly,lss,Bangladesh,2026-07-21,0.0,-0.089,0.22,NORMAL,0.23,NORMAL,0.0,NORMAL
Weekly,lss,Barbados,2026-07-21,0.0,-0.0062,3.84,RED,3.84,RED,0.0,NORMAL
Weekly,lss,Belarus,2026-07-21,-0.0194,-0.0786,0.27,NORMAL,0.26,NORMAL,2.64,NORMAL
Weekly,lss,Belgium,2026-07-21,0.0,-0.1109,0.23,NORMAL,0.22,NORMAL,0.0,NORMAL
Weekly,lss,Belize,2026-07-21,0.0,0.0002,-0.0,NORMAL,-0.0,NORMAL,0.0,NORMAL
Weekly,lss,Benin,2026-07-21,0.0,-0.0367,0.16,NORMAL,0.16,NORMAL,0.0,NORMAL
Weekly,lss,Bermuda,2026-07-21,0.0,-0.0,0.0,NORMAL,0.0,NORMAL,0.0,NORMAL
Weekly,lss,Bhutan,2026-07-21,0.0,-0.001,0.0,NORMAL,0.0,NORMAL,0.0,NORMAL
Weekly,lss,Bolivia,2026-07-21,0.0,-0.0401,0.11,NORMAL,0.11,NORMAL,0.0,NORMAL
Weekly,lss,Bosnia & Herzegovina,2026-07-21,0.0,-0.0256,0.22,NORMAL,0.17,NORMAL,0.0,NORMAL
Weekly,lss,Botswana,2026-07-21,0.0,-0.0276,0.24,NORMAL,0.24,NORMAL,0.0,NORMAL
Weekly,lss,Brazil,2026-07-21,-0.0228,-0.1259,0.5,NORMAL,0.5,NORMAL,0.67,NORMAL
Weekly,lss,British Virgin Islands,2026-07-21,0.0,0.0,-0.0,NORMAL,-0.0,NORMAL,0.0,NORMAL
Weekly,lss,Brunei,2026-07-21,0.0,-0.0467,0.22,NORMAL,0.22,NORMAL,0.0,NORMAL
Weekly,lss,Bulgaria,2026-07-21,0.0,-0.0615,0.27,NORMAL,0.27,NORMAL,0.0,NORMAL
Weekly,lss,Burkina Faso,2026-07-21,0.0,-0.0106,0.07,NORMAL,0.07,NORMAL,0.0,NORMAL
Weekly,lss,Burundi,2026-07-21,-0.0152,-0.0235,0.09,NORMAL,0.1,NORMAL,0.0,NORMAL
Weekly,lss,Cambodia,2026-07-21,-0.0082,-0.1829,0.38,NORMAL,0.38,NORMAL,10.31,RED
Weekly,lss,Cameroon,2026-07-21,0.0,-0.0364,0.1,NORMAL,0.1,NORMAL,0.0,NORMAL
Weekly,lss,Canada,2026-07-21,-0.0027,-0.1011,0.21,NORMAL,0.2,NORMAL,0.0,NORMAL
Weekly,lss,Cape Verde,2026-07-21,-0.0164,-0.0064,-0.09,NORMAL,-0.08,NORMAL,0.0,NORMAL
Weekly,lss,Cayman Islands,2026-07-21,0.0,0.0,-0.0,NORMAL,-0.0,NORMAL,0.0,NORMAL
Weekly,lss,Central African Republic,2026-07-21,0.0,-0.0037,1.15,NORMAL,1.15,NORMAL,0.0,NORMAL
Weekly,lss,Chad,2026-07-21,0.0,-0.004,0.2,NORMAL,0.2,NORMAL,0.0,NORMAL
Weekly,lss,Chile,2026-07-21,0.0,-0.0934,0.33,NORMAL,0.33,NORMAL,0.0,NORMAL
Weekly,lss,China,2026-07-21,0.0,0.0166,-0.07,NORMAL,-0.07,NORMAL,0.0,NORMAL
Weekly,lss,Colombia,2026-07-21,0.0,-0.0748,0.24,NORMAL,0.22,NORMAL,0.0,NORMAL
Weekly,lss,Comoros,2026-07-21,0.0,-0.0245,0.1,NORMAL,0.1,NORMAL,0.0,NORMAL
Weekly,lss,Congo - Brazzaville,2026-07-21,0.0,-0.0166,0.18,NORMAL,0.18,NORMAL,0.0,NORMAL
Weekly,lss,Congo - Kinshasa,2026-07-21,0.0,-0.0124,0.14,NORMAL,0.12,NORMAL,0.0,NORMAL
Weekly,lss,Cook Islands,2026-07-21,0.0,-0.0082,0.11,NORMAL,0.11,NORMAL,0.0,NORMAL
Weekly,lss,Costa Rica,2026-07-21,0.0,-0.0042,0.59,NORMAL,0.59,NORMAL,0.0,NORMAL
Weekly,lss,Croatia,2026-07-21,0.0,-0.0206,4.03,RED,4.03,RED,0.0,NORMAL
Weekly,lss,Cuba,2026-07-21,0.0,-0.0698,0.19,NORMAL,0.19,NORMAL,0.0,NORMAL
Weekly,lss,Curaçao,2026-07-21,0.0,-0.0,0.0,NORMAL,0.0,NORMAL,0.0,NORMAL
Weekly,lss,Cyprus,2026-07-21,0.0072,-0.0241,0.13,NORMAL,0.13,NORMAL,0.0,NORMAL
Weekly,lss,Czechia,2026-07-21,-0.0135,-0.0374,0.08,NORMAL,0.1,NORMAL,0.0,NORMAL
Weekly,lss,Côte d’Ivoire,2026-07-21,0.0,-0.0707,0.27,NORMAL,0.26,NORMAL,0.0,NORMAL
Weekly,lss,Denmark,2026-07-21,0.015,-0.0841,0.34,NORMAL,0.3,NORMAL,0.0,NORMAL
Weekly,lss,Djibouti,2026-07-21,-0.0207,-0.0429,0.23,NORMAL,0.24,NORMAL,0.0,NORMAL
Weekly,lss,Dominica,2026-07-21,0.0,-0.018,0.11,NORMAL,0.11,NORMAL,0.0,NORMAL
Weekly,lss,Dominican Republic,2026-07-21,0.0,-0.0134,0.18,NORMAL,0.18,NORMAL,0.0,NORMAL
Weekly,lss,Ecuador,2026-07-21,-0.0056,-0.0436,0.26,NORMAL,0.27,NORMAL,0.0,NORMAL
Weekly,lss,Egypt,2026-07-21,-0.0081,-0.1454,0.34,NORMAL,0.33,NORMAL,0.45,NORMAL
Weekly,lss,El Salvador,2026-07-21,0.0,-0.0008,0.0,NORMAL,0.0,NORMAL,0.0,NORMAL
Weekly,lss,Equatorial Guinea,2026-07-21,0.0,-0.0159,0.08,NORMAL,0.08,NORMAL,0.0,NORMAL
Weekly,lss,Eritrea,2026-07-21,0.0,-0.0139,2.65,YELLOW,2.65,YELLOW,0.0,NORMAL
Weekly,lss,Estonia,2026-07-21,0.0,-0.0036,0.03,NORMAL,0.03,NORMAL,0.0,NORMAL
Weekly,lss,Eswatini,2026-07-21,0.0,0.0051,-0.41,NORMAL,-0.41,NORMAL,0.0,NORMAL
Weekly,lss,Ethiopia,2026-07-21,0.0,-0.0606,0.19,NORMAL,0.19,NORMAL,0.0,NORMAL
Weekly,lss,Faroe Islands,2026-07-21,0.0,-0.0006,0.09,NORMAL,0.09,NORMAL,0.0,NORMAL
Weekly,lss,Fiji,2026-07-21,0.0,-0.0287,0.05,NORMAL,0.05,NORMAL,0.0,NORMAL
Weekly,lss,Finland,2026-07-21,0.0,-0.0224,0.08,NORMAL,0.1,NORMAL,0.0,NORMAL
Weekly,lss,France,2026-07-21,-0.0029,-0.2478,0.44,NORMAL,0.43,NORMAL,24.05,RED
Weekly,lss,French Polynesia,2026-07-21,0.0,0.0,-0.0,NORMAL,-0.0,NORMAL,0.0,NORMAL
Weekly,lss,Gabon,2026-07-21,0.0,-0.0231,0.2,NORMAL,0.2,NORMAL,0.0,NORMAL
Weekly,lss,Gambia,2026-07-21,-0.0103,-0.0465,0.1,NORMAL,0.09,NORMAL,0.0,NORMAL
Weekly,lss,Georgia,2026-07-21,0.0,-0.0399,0.14,NORMAL,0.14,NORMAL,0.0,NORMAL
Weekly,lss,Germany,2026-07-21,-0.0128,-0.2183,0.44,NORMAL,0.45,NORMAL,21.04,RED
Weekly,lss,Ghana,2026-07-21,0.0,-0.0658,0.19,NORMAL,0.19,NORMAL,0.0,NORMAL
Weekly,lss,Gibraltar,2026-07-21,0.0,-0.0,0.0,NORMAL,0.0,NORMAL,0.0,NORMAL
Weekly,lss,Greece,2026-07-21,0.0,-0.1507,0.31,NORMAL,0.31,NORMAL,2.39,NORMAL
Weekly,lss,Greenland,2026-07-21,0.0,0.0036,-0.47,NORMAL,-0.47,NORMAL,0.0,NORMAL
Weekly,lss,Grenada,2026-07-21,0.0,-0.0094,0.06,NORMAL,0.06,NORMAL,0.0,NORMAL
Weekly,lss,Guadeloupe,2026-07-21,0.0,0.0,-0.0,NORMAL,-0.0,NORMAL,0.0,NORMAL
Weekly,lss,Guam,2026-07-21,0.0,-0.0004,0.01,NORMAL,0.01,NORMAL,0.0,NORMAL
Weekly,lss,Guatemala,2026-07-21,0.0,0.0019,-0.01,NORMAL,-0.01,NORMAL,0.0,NORMAL
Weekly,lss,Guinea,2026-07-21,0.0,-0.0386,0.21,NORMAL,0.15,NORMAL,0.0,NORMAL
Weekly,lss,Guinea-Bissau,2026-07-21,0.0,-0.0058,1.24,NORMAL,1.24,NORMAL,0.0,NORMAL
Weekly,lss,Guyana,2026-07-21,0.0,-0.0378,0.15,NORMAL,0.15,NORMAL,0.0,NORMAL
Weekly,lss,Haiti,2026-07-21,-0.0164,0.003,-3.73,NORMAL,-2.76,NORMAL,0.0,NORMAL
Weekly,lss,Honduras,2026-07-21,0.0,-0.0116,3.4,RED,3.4,RED,0.0,NORMAL
Weekly,lss,Hungary,2026-07-21,-0.0216,-0.1227,0.3,NORMAL,0.29,NORMAL,2.79,NORMAL
Weekly,lss,Iceland,2026-07-21,0.0,-0.0144,0.17,NORMAL,0.17,NORMAL,0.0,NORMAL
Weekly,lss,India,2026-07-21,0.0,-0.0844,0.18,NORMAL,0.19,NORMAL,0.0,NORMAL
Weekly,lss,Indonesia,2026-07-21,0.0,-0.1584,0.37,NORMAL,0.36,NORMAL,9.74,RED
Weekly,lss,Iran,2026-07-21,0.0217,-0.032,0.1,NORMAL,0.08,NORMAL,0.0,NORMAL
Weekly,lss,Iraq,2026-07-21,0.0072,-0.0812,0.29,NORMAL,0.27,NORMAL,0.0,NORMAL
Weekly,lss,Ireland,2026-07-21,0.0,-0.0289,0.17,NORMAL,0.17,NORMAL,0.0,NORMAL
Weekly,lss,Israel,2026-07-21,0.0129,0.1109,-0.18,NORMAL,-0.18,NORMAL,0.0,NORMAL
Weekly,lss,Italy,2026-07-21,-0.0042,-0.2111,0.42,NORMAL,0.42,NORMAL,10.76,RED
Weekly,lss,Jamaica,2026-07-21,0.0,-0.0135,0.06,NORMAL,0.06,NORMAL,0.0,NORMAL
Weekly,lss,Japan,2026-07-21,0.0137,-0.0926,0.14,NORMAL,0.14,NORMAL,7.23,RED
Weekly,lss,Jordan,2026-07-21,0.0,-0.0335,0.25,NORMAL,0.2,NORMAL,0.0,NORMAL
Weekly,lss,Kazakhstan,2026-07-21,-0.0196,-0.2466,0.4,NORMAL,0.4,NORMAL,16.54,RED
Weekly,lss,Kenya,2026-07-21,0.0,-0.0887,0.7,NORMAL,0.75,NORMAL,1.14,NORMAL
Weekly,lss,Kiribati,2026-07-21,0.0,-0.0139,0.09,NORMAL,0.09,NORMAL,0.0,NORMAL
Weekly,lss,Kuwait,2026-07-21,0.0,-0.0631,0.19,NORMAL,0.19,NORMAL,0.0,NORMAL
Weekly,lss,Kyrgyzstan,2026-07-21,-0.0106,-0.175,0.31,NORMAL,0.31,NORMAL,8.88,RED
Weekly,lss,Laos,2026-07-21,-0.0084,-0.161,0.46,NORMAL,0.46,NORMAL,12.66,RED
Weekly,lss,Latvia,2026-07-21,-0.0166,-0.0192,0.07,NORMAL,0.09,NORMAL,0.0,NORMAL
Weekly,lss,Lebanon,2026-07-21,0.0,-0.0366,0.1,NORMAL,0.1,NORMAL,0.0,NORMAL
Weekly,lss,Lesotho,2026-07-21,0.0,-0.0032,0.01,NORMAL,0.02,NORMAL,0.0,NORMAL
Weekly,lss,Liberia,2026-07-21,0.0,-0.0077,0.11,NORMAL,0.11,NORMAL,0.0,NORMAL
Weekly,lss,Libya,2026-07-21,0.0,0.0019,-2.45,NORMAL,-2.45,NORMAL,0.0,NORMAL
Weekly,lss,Liechtenstein,2026-07-21,0.0,-0.0142,0.07,NORMAL,0.07,NORMAL,0.0,NORMAL
Weekly,lss,Lithuania,2026-07-21,0.0,-0.0092,0.04,NORMAL,0.04,NORMAL,0.0,NORMAL
Weekly,lss,Luxembourg,2026-07-21,0.0,-0.0288,0.12,NORMAL,0.12,NORMAL,0.0,NORMAL
Weekly,lss,Madagascar,2026-07-21,0.0,-0.0519,0.79,NORMAL,0.73,NORMAL,0.0,NORMAL
Weekly,lss,Malawi,2026-07-21,0.0,-0.0158,0.06,NORMAL,-0.0,NORMAL,0.0,NORMAL
Weekly,lss,Malaysia,2026-07-21,-0.0098,-0.1782,0.42,NORMAL,0.44,NORMAL,10.08,RED
Weekly,lss,Maldives,2026-07-21,0.0,-0.0802,0.22,NORMAL,0.2,NORMAL,0.0,NORMAL
Weekly,lss,Mali,2026-07-21,0.0,-0.0079,0.89,NORMAL,0.89,NORMAL,0.0,NORMAL
Weekly,lss,Malta,2026-07-21,0.0,-0.0046,0.05,NORMAL,0.05,NORMAL,0.0,NORMAL
Weekly,lss,Marshall Islands,2026-07-21,0.0,0.0014,-1.86,NORMAL,-1.43,NORMAL,0.0,NORMAL
Weekly,lss,Martinique,2026-07-21,0.0,-0.0,0.0,NORMAL,0.0,NORMAL,0.0,NORMAL
Weekly,lss,Mauritania,2026-07-21,0.0,-0.0434,0.18,NORMAL,0.18,NORMAL,0.0,NORMAL
Weekly,lss,Mauritius,2026-07-21,0.0,-0.0123,1.87,NORMAL,1.87,NORMAL,0.0,NORMAL
Weekly,lss,Mexico,2026-07-21,-0.0089,-0.0687,0.08,NORMAL,0.09,NORMAL,0.0,NORMAL
Weekly,lss,Micronesia (Federated States of),2026-07-21,0.0,-0.0105,0.08,NORMAL,0.08,NORMAL,0.0,NORMAL
Weekly,lss,Moldova,2026-07-21,0.0,-0.0054,0.02,NORMAL,0.02,NORMAL,0.0,NORMAL
Weekly,lss,Monaco,2026-07-21,0.0,-0.0024,0.01,NORMAL,0.01,NORMAL,0.0,NORMAL
Weekly,lss,Mongolia,2026-07-21,-0.0202,-0.1433,0.32,NORMAL,0.32,NORMAL,8.9,RED
Weekly,lss,Montenegro,2026-07-21,0.0,-0.0083,-0.04,NORMAL,-0.05,NORMAL,0.0,NORMAL
Weekly,lss,Morocco,2026-07-21,-0.0157,-0.1084,0.29,NORMAL,0.31,NORMAL,0.0,NORMAL
Weekly,lss,Mozambique,2026-07-21,0.0,-0.0347,0.12,NORMAL,0.08,NORMAL,0.0,NORMAL
Weekly,lss,Myanmar (Burma),2026-07-21,0.0,-0.0453,0.08,NORMAL,0.09,NORMAL,0.0,NORMAL
Weekly,lss,Namibia,2026-07-21,-0.036,-0.0641,0.16,NORMAL,0.17,NORMAL,0.0,NORMAL
Weekly,lss,Nauru,2026-07-21,0.0,-0.0087,0.04,NORMAL,0.04,NORMAL,0.0,NORMAL
Weekly,lss,Nepal,2026-07-21,0.0,-0.1238,0.32,NORMAL,0.31,NORMAL,2.59,NORMAL
Weekly,lss,Netherlands,2026-07-21,-0.0171,-0.1069,0.27,NORMAL,0.28,NORMAL,0.69,NORMAL
Weekly,lss,New Caledonia,2026-07-21,0.0,-0.0,0.0,NORMAL,0.0,NORMAL,0.0,NORMAL
Weekly,lss,New Zealand,2026-07-21,0.0,-0.164,0.27,NORMAL,0.28,NORMAL,3.32,YELLOW
Weekly,lss,Nicaragua,2026-07-21,0.0,-0.0065,0.05,NORMAL,0.05,NORMAL,0.0,NORMAL
Weekly,lss,Niger,2026-07-21,0.0,-0.0017,0.02,NORMAL,0.02,NORMAL,0.0,NORMAL
Weekly,lss,Nigeria,2026-07-21,0.0,-0.0556,0.35,NORMAL,0.3,NORMAL,0.0,NORMAL
Weekly,lss,Niue,2026-07-21,0.0,-0.0018,0.05,NORMAL,0.05,NORMAL,0.0,NORMAL
Weekly,lss,North Korea,2026-07-21,0.0,-0.1526,0.27,NORMAL,0.28,NORMAL,3.75,YELLOW
Weekly,lss,North Macedonia,2026-07-21,0.0,-0.0135,0.08,NORMAL,0.08,NORMAL,0.0,NORMAL
Weekly,lss,Northern Mariana Islands,2026-07-21,0.0,0.0,-0.0,NORMAL,-0.0,NORMAL,0.0,NORMAL
Weekly,lss,Norway,2026-07-21,-0.0429,-0.0215,0.01,NORMAL,0.1,NORMAL,0.0,NORMAL
Weekly,lss,Oman,2026-07-21,-0.0042,-0.019,0.09,NORMAL,0.1,NORMAL,0.0,NORMAL
Weekly,lss,Pakistan,2026-07-21,-0.03,-0.1034,0.21,NORMAL,0.21,NORMAL,0.0,NORMAL
Weekly,lss,Palau,2026-07-21,0.0,0.0,-0.0,NORMAL,-0.0,NORMAL,0.0,NORMAL
Weekly,lss,Palestinian Territories,2026-07-21,-0.0038,0.0664,-0.15,NORMAL,-0.15,NORMAL,0.0,NORMAL
Weekly,lss,Panama,2026-07-21,0.0072,-0.0289,0.23,NORMAL,0.22,NORMAL,0.0,NORMAL
Weekly,lss,Papua New Guinea,2026-07-21,0.0572,-0.0518,0.25,NORMAL,0.22,NORMAL,0.03,NORMAL
Weekly,lss,Paraguay,2026-07-21,0.0,-0.0034,0.05,NORMAL,0.05,NORMAL,0.0,NORMAL
Weekly,lss,Peru,2026-07-21,-0.0052,-0.1616,0.34,NORMAL,0.35,NORMAL,5.38,RED
Weekly,lss,Philippines,2026-07-21,0.0677,0.0889,-0.06,NORMAL,-0.06,NORMAL,0.0,NORMAL
Weekly,lss,Poland,2026-07-21,0.0,-0.1041,0.19,NORMAL,0.19,NORMAL,0.0,NORMAL
Weekly,lss,Portugal,2026-07-21,0.015,-0.0934,0.16,NORMAL,0.18,NORMAL,0.0,NORMAL
Weekly,lss,Puerto Rico,2026-07-21,0.0,-0.0013,0.01,NORMAL,0.01,NORMAL,0.0,NORMAL
Weekly,lss,Qatar,2026-07-21,0.0,-0.051,0.22,NORMAL,0.23,NORMAL,0.0,NORMAL
Weekly,lss,Romania,2026-07-21,0.0,-0.0565,0.19,NORMAL,0.2,NORMAL,0.0,NORMAL
Weekly,lss,Russia,2026-07-21,-0.0058,-0.167,0.33,NORMAL,0.34,NORMAL,12.62,RED
Weekly,lss,Rwanda,2026-07-21,-0.0152,-0.0551,0.18,NORMAL,0.2,NORMAL,0.0,NORMAL
Weekly,lss,Réunion,2026-07-21,0.0,-0.0,0.0,NORMAL,0.0,NORMAL,0.0,NORMAL
Weekly,lss,Samoa,2026-07-21,0.0,-0.0123,0.04,NORMAL,0.04,NORMAL,0.0,NORMAL
Weekly,lss,San Marino,2026-07-21,0.0,-0.0034,1.95,NORMAL,1.95,NORMAL,0.0,NORMAL
Weekly,lss,Saudi Arabia,2026-07-21,0.0,-0.0921,0.27,NORMAL,0.26,NORMAL,2.16,NORMAL
Weekly,lss,Senegal,2026-07-21,-0.0103,-0.0263,0.1,NORMAL,0.11,NORMAL,0.0,NORMAL
Weekly,lss,Serbia,2026-07-21,-0.0075,-0.1441,0.36,NORMAL,0.35,NORMAL,3.13,YELLOW
Weekly,lss,Seychelles,2026-07-21,0.0,-0.0423,0.19,NORMAL,0.15,NORMAL,0.0,NORMAL
Weekly,lss,Sierra Leone,2026-07-21,0.0,-0.0316,0.13,NORMAL,0.13,NORMAL,0.0,NORMAL
Weekly,lss,Singapore,2026-07-21,0.0,-0.1522,0.45,NORMAL,0.46,NORMAL,10.18,RED
Weekly,lss,Slovakia,2026-07-21,-0.0038,-0.0378,0.11,NORMAL,0.11,NORMAL,0.0,NORMAL
Weekly,lss,Slovenia,2026-07-21,0.0,-0.0046,0.17,NORMAL,0.17,NORMAL,0.0,NORMAL
Weekly,lss,Solomon Islands,2026-07-21,0.0,-0.0132,0.13,NORMAL,0.12,NORMAL,0.0,NORMAL
Weekly,lss,Somalia,2026-07-21,0.0,-0.01,0.15,NORMAL,0.15,NORMAL,0.0,NORMAL
Weekly,lss,South Africa,2026-07-21,0.0,-0.0932,0.34,NORMAL,0.32,NORMAL,0.28,NORMAL
Weekly,lss,South Korea,2026-07-21,-0.0156,-0.1553,0.32,NORMAL,0.33,NORMAL,7.77,RED
Weekly,lss,South Sudan,2026-07-21,0.0,-0.0265,0.08,NORMAL,0.08,NORMAL,0.0,NORMAL
Weekly,lss,Spain,2026-07-21,-0.0083,-0.1758,0.39,NORMAL,0.37,NORMAL,9.17,RED
Weekly,lss,Sri Lanka,2026-07-21,-0.0144,-0.128,0.19,NORMAL,0.21,NORMAL,0.0,NORMAL
Weekly,lss,St. Helena,2026-07-21,0.0,0.0,-0.0,NORMAL,-0.0,NORMAL,0.0,NORMAL
Weekly,lss,St. Kitts & Nevis,2026-07-21,0.0,-0.0,0.0,NORMAL,0.0,NORMAL,0.0,NORMAL
Weekly,lss,St. Lucia,2026-07-21,0.0,0.0,-0.0,NORMAL,-0.0,NORMAL,0.0,NORMAL
Weekly,lss,St. Vincent & Grenadines,2026-07-21,0.0,0.0,-0.0,NORMAL,-0.0,NORMAL,0.0,NORMAL
Weekly,lss,Sudan,2026-07-21,0.0,0.0024,-0.01,NORMAL,-0.01,NORMAL,0.0,NORMAL
Weekly,lss,Suriname,2026-07-21,0.0,-0.013,0.15,NORMAL,0.15,NORMAL,0.0,NORMAL
Weekly,lss,Svalbard & Jan Mayen,2026-07-21,0.0,-0.0,0.0,NORMAL,0.0,NORMAL,0.0,NORMAL
Weekly,lss,Sweden,2026-07-21,0.0,-0.0503,0.2,NORMAL,0.19,NORMAL,0.0,NORMAL
Weekly,lss,Switzerland,2026-07-21,0.0,-0.0566,0.14,NORMAL,0.16,NORMAL,0.0,NORMAL
Weekly,lss,Syria,2026-07-21,0.0,0.0027,-0.01,NORMAL,-0.06,NORMAL,0.0,NORMAL
Weekly,lss,São Tomé & Príncipe,2026-07-21,0.0,-0.0034,0.22,NORMAL,0.22,NORMAL,0.0,NORMAL
Weekly,lss,Taiwan,2026-07-21,0.0572,0.0492,-0.07,NORMAL,-0.09,NORMAL,0.0,NORMAL
Weekly,lss,Tajikistan,2026-07-21,0.0,-0.1366,0.32,NORMAL,0.31,NORMAL,4.71,YELLOW
Weekly,lss,Tanzania,2026-07-21,-0.0152,-0.1295,0.34,NORMAL,0.33,NORMAL,1.74,NORMAL
Weekly,lss,Thailand,2026-07-21,-0.0162,-0.188,0.38,NORMAL,0.39,NORMAL,11.68,RED
Weekly,lss,Timor-Leste,2026-07-21,0.0,-0.05,0.16,NORMAL,0.16,NORMAL,0.0,NORMAL
Weekly,lss,Togo,2026-07-21,0.0,-0.0154,0.13,NORMAL,0.13,NORMAL,0.0,NORMAL
Weekly,lss,Tonga,2026-07-21,0.0,-0.0142,0.05,NORMAL,0.05,NORMAL,0.0,NORMAL
Weekly,lss,Trinidad & Tobago,2026-07-21,0.0,-0.0052,0.05,NORMAL,0.05,NORMAL,0.0,NORMAL
Weekly,lss,Tunisia,2026-07-21,-0.0074,-0.06,0.86,NORMAL,0.75,NORMAL,0.0,NORMAL
Weekly,lss,Turkey,2026-07-21,-0.0228,-0.1182,0.23,NORMAL,0.24,NORMAL,0.0,NORMAL
Weekly,lss,Turkmenistan,2026-07-21,0.0,-0.1347,0.32,NORMAL,0.31,NORMAL,2.89,NORMAL
Weekly,lss,Tuvalu,2026-07-21,0.0,-0.0,0.0,NORMAL,0.0,NORMAL,0.0,NORMAL
Weekly,lss,UK,2026-07-21,0.0001,-0.2156,0.4,NORMAL,0.39,NORMAL,11.4,RED
Weekly,lss,US,2026-07-21,-0.001,-0.0554,0.16,NORMAL,0.15,NORMAL,0.0,NORMAL
Weekly,lss,Uganda,2026-07-21,-0.0117,-0.072,0.2,NORMAL,0.21,NORMAL,0.0,NORMAL
Weekly,lss,Ukraine,2026-07-21,0.0272,-0.0022,0.07,NORMAL,0.06,NORMAL,0.0,NORMAL
Weekly,lss,United Arab Emirates,2026-07-21,-0.0228,-0.1719,0.39,NORMAL,0.37,NORMAL,12.29,RED
Weekly,lss,Uruguay,2026-07-21,0.0,-0.0562,0.17,NORMAL,0.17,NORMAL,0.0,NORMAL
Weekly,lss,Uzbekistan,2026-07-21,-0.0197,-0.2026,0.43,NORMAL,0.44,NORMAL,17.87,RED
Weekly,lss,Vanuatu,2026-07-21,0.0,-0.0116,0.35,NORMAL,0.35,NORMAL,0.0,NORMAL
Weekly,lss,Vatican City,2026-07-21,0.0,-0.0,0.0,NORMAL,0.0,NORMAL,0.0,NORMAL
Weekly,lss,Venezuela,2026-07-21,0.0,-0.0169,0.19,NORMAL,0.23,NORMAL,0.0,NORMAL
Weekly,lss,Vietnam,2026-07-21,-0.0059,-0.1963,0.39,NORMAL,0.39,NORMAL,13.61,RED
Weekly,lss,Western Sahara,2026-07-21,0.0,-0.0,0.0,NORMAL,0.0,NORMAL,0.0,NORMAL
Weekly,lss,Yemen,2026-07-21,0.0,-0.008,0.14,NORMAL,0.14,NORMAL,0.0,NORMAL
Weekly,lss,Zambia,2026-07-21,0.0,-0.0892,0.2,NORMAL,0.2,NORMAL,0.0,NORMAL
Weekly,lss,Zimbabwe,2026-07-21,0.0,-0.064,0.24,NORMAL,0.25,NORMAL,0.0,NORMAL
Weekly,negativity,Afghanistan,2026-07-21,0.0,0.0643,-0.33,NORMAL,-0.33,NORMAL,0.0,NORMAL
Weekly,negativity,Albania,2026-07-21,0.0,0.0065,-0.28,NORMAL,-0.28,NORMAL,1.99,NORMAL
Weekly,negativity,Algeria,2026-07-21,0.0,0.012,-0.29,NORMAL,-0.29,NORMAL,0.0,NORMAL
Weekly,negativity,American Samoa,2026-07-21,0.0,0.0,-0.0,NORMAL,-0.0,NORMAL,0.0,NORMAL
Weekly,negativity,Andorra,2026-07-21,0.0,0.0,-0.0,NORMAL,-0.0,NORMAL,0.0,NORMAL
Weekly,negativity,Angola,2026-07-21,0.0,0.007,-0.26,NORMAL,-0.26,NORMAL,0.0,NORMAL
Weekly,negativity,Antarctica,2026-07-21,0.0,0.0028,-0.07,NORMAL,-0.07,NORMAL,0.0,NORMAL
Weekly,negativity,Antigua & Barbuda,2026-07-21,0.0,0.0079,-0.11,NORMAL,-0.11,NORMAL,0.0,NORMAL
Weekly,negativity,Argentina,2026-07-21,0.0,0.0504,0.04,NORMAL,0.02,NORMAL,0.0,NORMAL
Weekly,negativity,Armenia,2026-07-21,0.0,0.0029,-0.18,NORMAL,-0.18,NORMAL,0.0,NORMAL
Weekly,negativity,Aruba,2026-07-21,0.0,0.0,-0.0,NORMAL,-0.0,NORMAL,0.0,NORMAL
Weekly,negativity,Australia,2026-07-21,0.175,0.172,0.33,NORMAL,0.87,NORMAL,4.98,YELLOW
Weekly,negativity,Austria,2026-07-21,0.0,0.0416,-0.42,NORMAL,-0.22,NORMAL,4.16,YELLOW
Weekly,negativity,Azerbaijan,2026-07-21,0.0,0.0308,-0.46,NORMAL,-0.46,NORMAL,0.0,NORMAL
Weekly,negativity,Bahamas,2026-07-21,0.0,0.0005,-0.02,NORMAL,-0.02,NORMAL,0.0,NORMAL
Weekly,negativity,Bahrain,2026-07-21,0.0,0.0315,-0.32,NORMAL,-0.32,NORMAL,0.0,NORMAL
Weekly,negativity,Bangladesh,2026-07-21,0.0,0.0288,-0.16,NORMAL,-0.01,NORMAL,0.0,NORMAL
Weekly,negativity,Barbados,2026-07-21,0.0,0.0002,-0.01,NORMAL,-0.01,NORMAL,0.0,NORMAL
Weekly,negativity,Belarus,2026-07-21,0.1,0.0409,-0.1,NORMAL,-0.1,NORMAL,4.58,YELLOW
Weekly,negativity,Belgium,2026-07-21,0.0,0.0541,0.42,NORMAL,0.23,NORMAL,0.75,NORMAL
Weekly,negativity,Belize,2026-07-21,0.0,0.0,-0.0,NORMAL,-0.0,NORMAL,0.0,NORMAL
Weekly,negativity,Benin,2026-07-21,0.0,0.0115,-0.1,NORMAL,-0.1,NORMAL,0.0,NORMAL
Weekly,negativity,Bermuda,2026-07-21,0.0,0.0,-0.0,NORMAL,-0.0,NORMAL,0.0,NORMAL
Weekly,negativity,Bhutan,2026-07-21,0.0,0.0,-0.0,NORMAL,-0.0,NORMAL,0.0,NORMAL
Weekly,negativity,Bolivia,2026-07-21,0.0,0.0031,-0.16,NORMAL,-0.16,NORMAL,0.0,NORMAL
Weekly,negativity,Bosnia & Herzegovina,2026-07-21,0.0,0.0035,-0.25,NORMAL,1.19,NORMAL,4.66,YELLOW
Weekly,negativity,Botswana,2026-07-21,0.0,0.0027,-0.14,NORMAL,-0.14,NORMAL,0.0,NORMAL
Weekly,negativity,Brazil,2026-07-21,0.1,0.09,-0.13,NORMAL,0.26,NORMAL,0.0,NORMAL
Weekly,negativity,British Virgin Islands,2026-07-21,0.0,0.0,-0.0,NORMAL,-0.0,NORMAL,0.0,NORMAL
Weekly,negativity,Brunei,2026-07-21,0.0,0.0182,-0.23,NORMAL,-0.23,NORMAL,0.0,NORMAL
Weekly,negativity,Bulgaria,2026-07-21,0.0,0.0085,-0.35,NORMAL,-0.35,NORMAL,0.0,NORMAL
Weekly,negativity,Burkina Faso,2026-07-21,0.0,0.0013,-0.09,NORMAL,-0.09,NORMAL,0.0,NORMAL
Weekly,negativity,Burundi,2026-07-21,0.1,0.0173,0.22,NORMAL,0.04,NORMAL,0.71,NORMAL
Weekly,negativity,Cambodia,2026-07-21,0.0625,0.0805,-0.4,NORMAL,-0.18,NORMAL,0.0,NORMAL
Weekly,negativity,Cameroon,2026-07-21,0.0,0.0168,0.27,NORMAL,0.05,NORMAL,0.0,NORMAL
Weekly,negativity,Canada,2026-07-21,0.2929,0.1648,1.56,NORMAL,1.35,NORMAL,6.68,RED
Weekly,negativity,Cape Verde,2026-07-21,0.0,0.0097,0.28,NORMAL,0.81,NORMAL,5.6,RED
Weekly,negativity,Cayman Islands,2026-07-21,0.0,0.0,-0.0,NORMAL,-0.0,NORMAL,0.0,NORMAL
Weekly,negativity,Central African Republic,2026-07-21,0.0,0.0004,-0.01,NORMAL,-0.01,NORMAL,0.0,NORMAL
Weekly,negativity,Chad,2026-07-21,0.0,0.0125,-0.12,NORMAL,-0.12,NORMAL,0.0,NORMAL
Weekly,negativity,Chile,2026-07-21,0.0,0.0475,-0.3,NORMAL,-0.23,NORMAL,0.0,NORMAL
Weekly,negativity,China,2026-07-21,0.0,0.0167,-0.34,NORMAL,-0.34,NORMAL,0.0,NORMAL
Weekly,negativity,Colombia,2026-07-21,0.0,0.0058,-0.23,NORMAL,-0.23,NORMAL,0.0,NORMAL
Weekly,negativity,Comoros,2026-07-21,0.0,0.0015,-0.11,NORMAL,-0.11,NORMAL,0.0,NORMAL
Weekly,negativity,Congo - Brazzaville,2026-07-21,0.0,0.0168,-0.23,NORMAL,-0.23,NORMAL,0.0,NORMAL
Weekly,negativity,Congo - Kinshasa,2026-07-21,0.0,0.0734,-0.51,NORMAL,-0.51,NORMAL,4.45,YELLOW
Weekly,negativity,Cook Islands,2026-07-21,0.0,0.0004,-0.05,NORMAL,-0.05,NORMAL,0.0,NORMAL
Weekly,negativity,Costa Rica,2026-07-21,0.0,0.0046,-0.3,NORMAL,-0.3,NORMAL,0.0,NORMAL
Weekly,negativity,Croatia,2026-07-21,0.0,0.009,-0.38,NORMAL,-0.38,NORMAL,0.0,NORMAL
Weekly,negativity,Cuba,2026-07-21,0.0,0.1603,0.64,NORMAL,0.54,NORMAL,1.29,NORMAL
Weekly,negativity,Curaçao,2026-07-21,0.0,0.0,-0.0,NORMAL,-0.0,NORMAL,0.0,NORMAL
Weekly,negativity,Cyprus,2026-07-21,0.5,0.0234,1.98,NORMAL,1.06,NORMAL,6.19,RED
Weekly,negativity,Czechia,2026-07-21,0.025,0.0266,2.02,YELLOW,1.07,NORMAL,5.68,RED
Weekly,negativity,Côte d’Ivoire,2026-07-21,0.0,0.011,-0.36,NORMAL,0.3,NORMAL,0.0,NORMAL
Weekly,negativity,Denmark,2026-07-21,0.35,0.0861,0.97,NORMAL,0.84,NORMAL,5.46,RED
Weekly,negativity,Djibouti,2026-07-21,0.1,0.0238,0.13,NORMAL,1.33,NORMAL,4.61,YELLOW
Weekly,negativity,Dominica,2026-07-21,0.0,0.0127,0.06,NORMAL,-0.04,NORMAL,0.0,NORMAL
Weekly,negativity,Dominican Republic,2026-07-21,0.0,0.0028,-0.41,NORMAL,-0.41,NORMAL,0.0,NORMAL
Weekly,negativity,Ecuador,2026-07-21,0.1,0.013,0.66,NORMAL,0.23,NORMAL,2.46,NORMAL
Weekly,negativity,Egypt,2026-07-21,0.0,0.0693,-0.59,NORMAL,-0.63,NORMAL,0.0,NORMAL
Weekly,negativity,El Salvador,2026-07-21,0.0,0.0017,-0.03,NORMAL,-0.03,NORMAL,0.0,NORMAL
Weekly,negativity,Equatorial Guinea,2026-07-21,0.0,0.001,-0.07,NORMAL,-0.07,NORMAL,0.0,NORMAL
Weekly,negativity,Eritrea,2026-07-21,0.0,0.0045,-0.3,NORMAL,-0.3,NORMAL,0.0,NORMAL
Weekly,negativity,Estonia,2026-07-21,0.0,0.0036,-0.24,NORMAL,-0.24,NORMAL,0.0,NORMAL
Weekly,negativity,Eswatini,2026-07-21,0.0,0.0374,-0.25,NORMAL,-0.25,NORMAL,1.96,NORMAL
Weekly,negativity,Ethiopia,2026-07-21,0.0,0.0589,-0.55,NORMAL,-0.24,NORMAL,0.0,NORMAL
Weekly,negativity,Faroe Islands,2026-07-21,0.0,0.0,-0.0,NORMAL,-0.0,NORMAL,0.0,NORMAL
Weekly,negativity,Fiji,2026-07-21,0.0,0.0131,-0.17,NORMAL,-0.17,NORMAL,0.0,NORMAL
Weekly,negativity,Finland,2026-07-21,0.0,0.0312,0.02,NORMAL,1.03,NORMAL,3.85,YELLOW
Weekly,negativity,France,2026-07-21,0.3125,0.1568,1.26,NORMAL,0.73,NORMAL,8.27,RED
Weekly,negativity,French Polynesia,2026-07-21,0.0,0.0,-0.0,NORMAL,-0.0,NORMAL,0.0,NORMAL
Weekly,negativity,Gabon,2026-07-21,0.0,0.0108,-0.15,NORMAL,-0.15,NORMAL,0.0,NORMAL
Weekly,negativity,Gambia,2026-07-21,0.1,0.0116,0.81,NORMAL,1.05,NORMAL,5.9,RED
Weekly,negativity,Georgia,2026-07-21,0.0,0.0197,-0.27,NORMAL,-0.27,NORMAL,0.52,NORMAL
Weekly,negativity,Germany,2026-07-21,0.125,0.1311,0.25,NORMAL,0.24,NORMAL,5.2,RED
Weekly,negativity,Ghana,2026-07-21,0.0,0.0251,-0.44,NORMAL,-0.44,NORMAL,0.0,NORMAL
Weekly,negativity,Gibraltar,2026-07-21,0.0,0.0,-0.0,NORMAL,-0.0,NORMAL,0.0,NORMAL
Weekly,negativity,Greece,2026-07-21,0.0,0.0297,-0.26,NORMAL,-0.4,NORMAL,0.0,NORMAL
Weekly,negativity,Greenland,2026-07-21,0.0,0.0493,-0.28,NORMAL,-0.28,NORMAL,0.0,NORMAL
Weekly,negativity,Grenada,2026-07-21,0.0,0.0011,-0.03,NORMAL,-0.03,NORMAL,0.0,NORMAL
Weekly,negativity,Guadeloupe,2026-07-21,0.0,0.0,-0.0,NORMAL,-0.0,NORMAL,0.0,NORMAL
Weekly,negativity,Guam,2026-07-21,0.0,0.0003,-0.01,NORMAL,-0.01,NORMAL,0.0,NORMAL
Weekly,negativity,Guatemala,2026-07-21,0.0,0.0016,-0.02,NORMAL,-0.02,NORMAL,0.0,NORMAL
Weekly,negativity,Guinea,2026-07-21,0.0,0.0165,-0.53,NORMAL,0.59,NORMAL,3.21,YELLOW
Weekly,negativity,Guinea-Bissau,2026-07-21,0.0,0.0019,-0.27,NORMAL,-0.27,NORMAL,0.0,NORMAL
Weekly,negativity,Guyana,2026-07-21,0.0,0.0198,-0.26,NORMAL,-0.26,NORMAL,0.0,NORMAL
Weekly,negativity,Haiti,2026-07-21,0.0,0.0007,-0.01,NORMAL,-0.01,NORMAL,0.0,NORMAL
Weekly,negativity,Honduras,2026-07-21,0.0,0.0011,-0.16,NORMAL,-0.16,NORMAL,0.0,NORMAL
Weekly,negativity,Hungary,2026-07-21,0.1,0.0335,-0.0,NORMAL,-0.05,NORMAL,0.58,NORMAL
Weekly,negativity,Iceland,2026-07-21,0.0,0.0033,-0.08,NORMAL,-0.08,NORMAL,0.0,NORMAL
Weekly,negativity,India,2026-07-21,0.0,0.1372,-0.77,NORMAL,0.16,NORMAL,0.0,NORMAL
Weekly,negativity,Indonesia,2026-07-21,0.0,0.075,-0.59,NORMAL,-0.04,NORMAL,0.0,NORMAL
Weekly,negativity,Iran,2026-07-21,0.5875,0.3132,0.87,NORMAL,0.54,NORMAL,16.97,RED
Weekly,negativity,Iraq,2026-07-21,0.5,0.0711,0.59,NORMAL,0.36,NORMAL,2.19,NORMAL
Weekly,negativity,Ireland,2026-07-21,0.0,0.0074,-0.21,NORMAL,-0.21,NORMAL,0.0,NORMAL
Weekly,negativity,Israel,2026-07-21,0.45,0.295,-0.45,NORMAL,-0.64,NORMAL,0.0,NORMAL
Weekly,negativity,Italy,2026-07-21,0.22,0.0814,1.3,NORMAL,0.66,NORMAL,3.93,YELLOW
Weekly,negativity,Jamaica,2026-07-21,0.0,0.0191,-0.25,NORMAL,-0.25,NORMAL,0.0,NORMAL
Weekly,negativity,Japan,2026-07-21,0.4167,0.4746,0.07,NORMAL,0.28,NORMAL,25.49,RED
Weekly,negativity,Jordan,2026-07-21,0.0,0.0214,-0.28,NORMAL,-0.02,NORMAL,0.0,NORMAL
Weekly,negativity,Kazakhstan,2026-07-21,0.05,0.0495,0.24,NORMAL,0.29,NORMAL,0.0,NORMAL
Weekly,negativity,Kenya,2026-07-21,0.0,0.047,0.05,NORMAL,0.05,NORMAL,0.0,NORMAL
Weekly,negativity,Kiribati,2026-07-21,0.0,0.0015,-0.11,NORMAL,-0.11,NORMAL,0.0,NORMAL
Weekly,negativity,Kuwait,2026-07-21,0.0,0.0255,-0.21,NORMAL,-0.21,NORMAL,0.0,NORMAL
Weekly,negativity,Kyrgyzstan,2026-07-21,0.2333,0.0456,0.94,NORMAL,0.73,NORMAL,3.16,YELLOW
Weekly,negativity,Laos,2026-07-21,0.1,0.0616,0.86,NORMAL,0.49,NORMAL,3.69,YELLOW
Weekly,negativity,Latvia,2026-07-21,0.1,0.0089,0.91,NORMAL,0.41,NORMAL,2.93,NORMAL
Weekly,negativity,Lebanon,2026-07-21,0.0,0.0547,-0.15,NORMAL,-0.25,NORMAL,0.0,NORMAL
Weekly,negativity,Lesotho,2026-07-21,0.0,0.0089,0.17,NORMAL,0.02,NORMAL,0.0,NORMAL
Weekly,negativity,Liberia,2026-07-21,0.0,0.0152,-0.21,NORMAL,-0.21,NORMAL,0.0,NORMAL
Weekly,negativity,Libya,2026-07-21,0.0,0.0137,-0.2,NORMAL,-0.2,NORMAL,0.0,NORMAL
Weekly,negativity,Liechtenstein,2026-07-21,0.0,0.0,-0.0,NORMAL,-0.0,NORMAL,0.0,NORMAL
Weekly,negativity,Lithuania,2026-07-21,0.0,0.0022,-0.16,NORMAL,-0.16,NORMAL,0.0,NORMAL
Weekly,negativity,Luxembourg,2026-07-21,0.0,0.0088,-0.26,NORMAL,0.33,NORMAL,0.0,NORMAL
Weekly,negativity,Madagascar,2026-07-21,0.0,0.0083,-0.34,NORMAL,0.48,NORMAL,1.01,NORMAL
Weekly,negativity,Malawi,2026-07-21,0.0,0.0147,0.52,NORMAL,0.71,NORMAL,2.67,NORMAL
Weekly,negativity,Malaysia,2026-07-21,0.11,0.0988,-0.3,NORMAL,0.6,NORMAL,2.32,NORMAL
Weekly,negativity,Maldives,2026-07-21,0.0,0.0092,-0.29,NORMAL,0.03,NORMAL,0.0,NORMAL
Weekly,negativity,Mali,2026-07-21,0.0,0.0235,-0.25,NORMAL,-0.25,NORMAL,0.0,NORMAL
Weekly,negativity,Malta,2026-07-21,0.0,0.0022,-0.16,NORMAL,-0.16,NORMAL,0.0,NORMAL
Weekly,negativity,Marshall Islands,2026-07-21,0.0,0.0037,2.13,YELLOW,1.17,NORMAL,5.29,RED
Weekly,negativity,Martinique,2026-07-21,0.0,0.0,-0.0,NORMAL,-0.0,NORMAL,0.0,NORMAL
Weekly,negativity,Mauritania,2026-07-21,0.0,0.009,-0.21,NORMAL,-0.21,NORMAL,1.19,NORMAL
Weekly,negativity,Mauritius,2026-07-21,0.0,0.0097,-0.17,NORMAL,-0.17,NORMAL,0.0,NORMAL
Weekly,negativity,Mexico,2026-07-21,0.2833,0.0944,0.39,NORMAL,0.97,NORMAL,3.75,YELLOW
Weekly,negativity,Micronesia (Federated States of),2026-07-21,0.0,0.0,-0.0,NORMAL,-0.0,NORMAL,0.0,NORMAL
Weekly,negativity,Moldova,2026-07-21,0.0,0.0206,-0.25,NORMAL,-0.25,NORMAL,2.32,NORMAL
Weekly,negativity,Monaco,2026-07-21,0.0,0.0001,-0.0,NORMAL,-0.0,NORMAL,0.0,NORMAL
Weekly,negativity,Mongolia,2026-07-21,0.05,0.0532,-0.21,NORMAL,0.0,NORMAL,0.0,NORMAL
Weekly,negativity,Montenegro,2026-07-21,0.0,0.0213,0.24,NORMAL,0.95,NORMAL,9.26,RED
Weekly,negativity,Morocco,2026-07-21,0.1,0.0245,1.28,NORMAL,0.56,NORMAL,2.68,NORMAL
Weekly,negativity,Mozambique,2026-07-21,0.0,0.0222,0.2,NORMAL,0.33,NORMAL,0.01,NORMAL
Weekly,negativity,Myanmar (Burma),2026-07-21,0.0,0.0705,-0.51,NORMAL,-0.15,NORMAL,0.0,NORMAL
Weekly,negativity,Namibia,2026-07-21,0.0,0.0185,0.16,NORMAL,0.49,NORMAL,1.41,NORMAL
Weekly,negativity,Nauru,2026-07-21,0.0,0.0161,-0.21,NORMAL,-0.21,NORMAL,0.0,NORMAL
Weekly,negativity,Nepal,2026-07-21,0.0,0.0542,-0.39,NORMAL,-0.39,NORMAL,0.0,NORMAL
Weekly,negativity,Netherlands,2026-07-21,0.125,0.1237,-0.45,NORMAL,0.14,NORMAL,7.63,RED
Weekly,negativity,New Caledonia,2026-07-21,0.0,0.0,-0.0,NORMAL,-0.0,NORMAL,0.0,NORMAL
Weekly,negativity,New Zealand,2026-07-21,0.0,0.078,-0.27,NORMAL,-0.35,NORMAL,1.12,NORMAL
Weekly,negativity,Nicaragua,2026-07-21,0.0,0.0042,-0.17,NORMAL,-0.17,NORMAL,0.0,NORMAL
Weekly,negativity,Niger,2026-07-21,0.0,0.0048,-0.1,NORMAL,-0.1,NORMAL,0.0,NORMAL
Weekly,negativity,Nigeria,2026-07-21,0.0,0.0652,1.5,NORMAL,0.86,NORMAL,4.14,YELLOW
Weekly,negativity,Niue,2026-07-21,0.0,0.0004,-0.12,NORMAL,-0.12,NORMAL,0.0,NORMAL
Weekly,negativity,North Korea,2026-07-21,0.0,0.071,-0.18,NORMAL,-0.27,NORMAL,0.0,NORMAL
Weekly,negativity,North Macedonia,2026-07-21,0.0,0.0009,-0.13,NORMAL,-0.13,NORMAL,0.0,NORMAL
Weekly,negativity,Northern Mariana Islands,2026-07-21,0.0,0.0,-0.0,NORMAL,-0.0,NORMAL,0.0,NORMAL
Weekly,negativity,Norway,2026-07-21,0.35,0.0639,1.26,NORMAL,1.5,NORMAL,9.19,RED
Weekly,negativity,Oman,2026-07-21,0.15,0.0456,0.04,NORMAL,0.28,NORMAL,0.42,NORMAL
Weekly,negativity,Pakistan,2026-07-21,0.05,0.1163,-0.49,NORMAL,-0.19,NORMAL,0.0,NORMAL
Weekly,negativity,Palau,2026-07-21,0.0,0.0,-0.0,NORMAL,-0.0,NORMAL,0.0,NORMAL
Weekly,negativity,Palestinian Territories,2026-07-21,0.4,0.212,-0.27,NORMAL,-0.21,NORMAL,0.1,NORMAL
Weekly,negativity,Panama,2026-07-21,0.5,0.0374,1.07,NORMAL,0.52,NORMAL,3.39,YELLOW
Weekly,negativity,Papua New Guinea,2026-07-21,0.1,0.0119,0.55,NORMAL,0.21,NORMAL,1.76,NORMAL
Weekly,negativity,Paraguay,2026-07-21,0.0,0.0008,-0.05,NORMAL,-0.05,NORMAL,0.0,NORMAL
Weekly,negativity,Peru,2026-07-21,0.05,0.0398,0.0,NORMAL,0.51,NORMAL,1.33,NORMAL
Weekly,negativity,Philippines,2026-07-21,0.7,0.3261,1.43,NORMAL,1.21,NORMAL,15.32,RED
Weekly,negativity,Poland,2026-07-21,0.0,0.0525,-0.38,NORMAL,-0.16,NORMAL,0.0,NORMAL
Weekly,negativity,Portugal,2026-07-21,0.35,0.0555,0.84,NORMAL,0.31,NORMAL,2.11,NORMAL
Weekly,negativity,Puerto Rico,2026-07-21,0.0,0.0003,-0.0,NORMAL,-0.0,NORMAL,0.0,NORMAL
Weekly,negativity,Qatar,2026-07-21,0.0,0.0667,-0.17,NORMAL,-0.24,NORMAL,4.23,YELLOW
Weekly,negativity,Romania,2026-07-21,0.0,0.0161,0.24,NORMAL,0.05,NORMAL,0.0,NORMAL
Weekly,negativity,Russia,2026-07-21,0.25,0.1826,0.59,NORMAL,1.26,NORMAL,8.05,RED
Weekly,negativity,Rwanda,2026-07-21,0.1,0.0167,0.41,NORMAL,0.33,NORMAL,1.47,NORMAL
Weekly,negativity,Réunion,2026-07-21,0.0,0.0,-0.0,NORMAL,-0.0,NORMAL,0.0,NORMAL
Weekly,negativity,Samoa,2026-07-21,0.0,0.0024,-0.05,NORMAL,-0.05,NORMAL,0.0,NORMAL
Weekly,negativity,San Marino,2026-07-21,0.0,0.0,-0.0,NORMAL,-0.0,NORMAL,0.0,NORMAL
Weekly,negativity,Saudi Arabia,2026-07-21,0.0,0.1062,-0.4,NORMAL,-0.18,NORMAL,0.0,NORMAL
Weekly,negativity,Senegal,2026-07-21,0.1,0.0288,0.05,NORMAL,-0.1,NORMAL,0.27,NORMAL
Weekly,negativity,Serbia,2026-07-21,0.05,0.0515,-0.28,NORMAL,-0.25,NORMAL,0.0,NORMAL
Weekly,negativity,Seychelles,2026-07-21,0.0,0.0235,-0.3,NORMAL,-0.04,NORMAL,3.23,YELLOW
Weekly,negativity,Sierra Leone,2026-07-21,0.0,0.0127,-0.17,NORMAL,-0.17,NORMAL,0.0,NORMAL
Weekly,negativity,Singapore,2026-07-21,0.0,0.1279,-0.81,NORMAL,-0.62,NORMAL,8.82,RED
Weekly,negativity,Slovakia,2026-07-21,0.5,0.023,2.0,YELLOW,1.07,NORMAL,6.27,RED
Weekly,negativity,Slovenia,2026-07-21,0.0,0.0074,-0.37,NORMAL,-0.37,NORMAL,3.31,YELLOW
Weekly,negativity,Solomon Islands,2026-07-21,0.0,0.0207,2.3,YELLOW,1.26,NORMAL,5.79,RED
Weekly,negativity,Somalia,2026-07-21,0.0,0.0038,-0.18,NORMAL,-0.18,NORMAL,0.0,NORMAL
Weekly,negativity,South Africa,2026-07-21,0.0,0.0718,-0.51,NORMAL,-0.2,NORMAL,0.0,NORMAL
Weekly,negativity,South Korea,2026-07-21,0.09,0.1774,0.02,NORMAL,0.38,NORMAL,7.56,RED
Weekly,negativity,South Sudan,2026-07-21,0.0,0.0172,-0.14,NORMAL,-0.14,NORMAL,0.0,NORMAL
Weekly,negativity,Spain,2026-07-21,0.09,0.0916,1.13,NORMAL,0.51,NORMAL,2.8,NORMAL
Weekly,negativity,Sri Lanka,2026-07-21,0.1,0.0465,0.56,NORMAL,0.25,NORMAL,0.33,NORMAL
Weekly,negativity,St. Helena,2026-07-21,0.0,0.0,-0.0,NORMAL,-0.0,NORMAL,0.0,NORMAL
Weekly,negativity,St. Kitts & Nevis,2026-07-21,0.0,0.0,-0.0,NORMAL,-0.0,NORMAL,0.0,NORMAL
Weekly,negativity,St. Lucia,2026-07-21,0.0,0.0,-0.0,NORMAL,-0.0,NORMAL,0.0,NORMAL
Weekly,negativity,St. Vincent & Grenadines,2026-07-21,0.0,0.0,-0.0,NORMAL,-0.0,NORMAL,0.0,NORMAL
Weekly,negativity,Sudan,2026-07-21,0.0,0.0741,-0.38,NORMAL,-0.38,NORMAL,0.0,NORMAL
Weekly,negativity,Suriname,2026-07-21,0.0,0.0002,-0.01,NORMAL,-0.01,NORMAL,0.0,NORMAL
Weekly,negativity,Svalbard & Jan Mayen,2026-07-21,0.0,0.0,-0.0,NORMAL,-0.0,NORMAL,0.0,NORMAL
Weekly,negativity,Sweden,2026-07-21,0.0,0.0399,-0.4,NORMAL,0.2,NORMAL,0.0,NORMAL
Weekly,negativity,Switzerland,2026-07-21,0.0,0.0661,-0.44,NORMAL,-0.5,NORMAL,0.0,NORMAL
Weekly,negativity,Syria,2026-07-21,0.0,0.0439,-0.4,NORMAL,-0.22,NORMAL,1.74,NORMAL
Weekly,negativity,São Tomé & Príncipe,2026-07-21,0.0,0.0026,-0.13,NORMAL,-0.13,NORMAL,0.0,NORMAL
Weekly,negativity,Taiwan,2026-07-21,0.1,0.2855,-0.8,NORMAL,-0.76,NORMAL,0.0,NORMAL
Weekly,negativity,Tajikistan,2026-07-21,0.0,0.0258,-0.44,NORMAL,-0.1,NORMAL,0.0,NORMAL
Weekly,negativity,Tanzania,2026-07-21,0.1,0.0585,0.32,NORMAL,0.4,NORMAL,5.07,RED
Weekly,negativity,Thailand,2026-07-21,0.0857,0.0981,-0.21,NORMAL,0.12,NORMAL,0.0,NORMAL
Weekly,negativity,Timor-Leste,2026-07-21,0.0,0.0111,-0.34,NORMAL,-0.34,NORMAL,0.0,NORMAL
Weekly,negativity,Togo,2026-07-21,0.0,0.0001,-0.0,NORMAL,-0.0,NORMAL,0.0,NORMAL
Weekly,negativity,Tonga,2026-07-21,0.0,0.0064,-0.12,NORMAL,-0.12,NORMAL,0.0,NORMAL
Weekly,negativity,Trinidad & Tobago,2026-07-21,0.0,0.0017,-0.12,NORMAL,-0.12,NORMAL,0.0,NORMAL
Weekly,negativity,Tunisia,2026-07-21,0.1,0.0296,0.05,NORMAL,0.14,NORMAL,1.77,NORMAL
Weekly,negativity,Turkey,2026-07-21,0.1,0.0721,-0.04,NORMAL,-0.16,NORMAL,0.0,NORMAL
Weekly,negativity,Turkmenistan,2026-07-21,0.0,0.0233,-0.49,NORMAL,-0.07,NORMAL,0.0,NORMAL
Weekly,negativity,Tuvalu,2026-07-21,0.0,0.0,-0.0,NORMAL,-0.0,NORMAL,0.0,NORMAL
Weekly,negativity,UK,2026-07-21,0.1875,0.1727,1.07,NORMAL,0.79,NORMAL,3.47,YELLOW
Weekly,negativity,US,2026-07-21,0.2711,0.291,0.32,NORMAL,0.21,NORMAL,7.15,RED
Weekly,negativity,Uganda,2026-07-21,0.05,0.0547,-0.29,NORMAL,-0.34,NORMAL,7.0,RED
Weekly,negativity,Ukraine,2026-07-21,0.7,0.1406,2.15,YELLOW,1.69,NORMAL,9.99,RED
Weekly,negativity,United Arab Emirates,2026-07-21,0.1,0.1251,-0.52,NORMAL,-0.54,NORMAL,9.01,RED
Weekly,negativity,Uruguay,2026-07-21,0.0,0.0123,-0.22,NORMAL,-0.22,NORMAL,0.0,NORMAL
Weekly,negativity,Uzbekistan,2026-07-21,0.1,0.0559,0.11,NORMAL,-0.12,NORMAL,0.36,NORMAL
Weekly,negativity,Vanuatu,2026-07-21,0.0,0.0007,-0.03,NORMAL,-0.03,NORMAL,0.0,NORMAL
Weekly,negativity,Vatican City,2026-07-21,0.0,0.0,-0.0,NORMAL,-0.0,NORMAL,0.0,NORMAL
Weekly,negativity,Venezuela,2026-07-21,0.0,0.1137,0.51,NORMAL,0.73,NORMAL,6.43,RED
Weekly,negativity,Vietnam,2026-07-21,0.0625,0.0797,-0.23,NORMAL,0.26,NORMAL,0.0,NORMAL
Weekly,negativity,Western Sahara,2026-07-21,0.0,0.0,-0.0,NORMAL,-0.0,NORMAL,0.0,NORMAL
Weekly,negativity,Yemen,2026-07-21,0.0,0.0211,-0.21,NORMAL,-0.21,NORMAL,0.0,NORMAL
Weekly,negativity,Zambia,2026-07-21,0.0,0.0268,0.14,NORMAL,0.28,NORMAL,0.18,NORMAL
Weekly,negativity,Zimbabwe,2026-07-21,0.0,0.0186,-0.05,NORMAL,-0.23,NORMAL,0.0,NORMAL
Monthly,deepseek,Afghanistan,2026-07-01,0.0,0.0022,-0.31,NORMAL,-0.31,NORMAL,0.0,NORMAL
Monthly,deepseek,Albania,2026-07-01,0.0,0.0,-0.0,NORMAL,-0.0,NORMAL,0.0,NORMAL
Monthly,deepseek,Algeria,2026-07-01,0.0,0.0002,-0.35,NORMAL,-0.35,NORMAL,0.0,NORMAL
Monthly,deepseek,American Samoa,2026-07-01,0.0,0.0,0.0,NORMAL,0.0,NORMAL,0.0,NORMAL
Monthly,deepseek,Andorra,2026-07-01,0.0,0.0,0.0,NORMAL,0.0,NORMAL,0.0,NORMAL
Monthly,deepseek,Angola,2026-07-01,0.0,0.0008,-0.23,NORMAL,0.06,NORMAL,0.0,NORMAL
Monthly,deepseek,Antarctica,2026-07-01,0.0,0.0,0.0,NORMAL,0.0,NORMAL,0.0,NORMAL
Monthly,deepseek,Antigua & Barbuda,2026-07-01,0.0,0.0002,-0.12,NORMAL,-0.12,NORMAL,0.0,NORMAL
Monthly,deepseek,Argentina,2026-07-01,0.0,0.0017,0.08,NORMAL,0.22,NORMAL,2.62,NORMAL
Monthly,deepseek,Armenia,2026-07-01,0.0,0.0,-0.0,NORMAL,-0.0,NORMAL,0.0,NORMAL
Monthly,deepseek,Aruba,2026-07-01,0.0,0.0,0.0,NORMAL,0.0,NORMAL,0.0,NORMAL
Monthly,deepseek,Australia,2026-07-01,0.012,0.0038,0.04,NORMAL,-0.06,NORMAL,0.79,NORMAL
Monthly,deepseek,Austria,2026-07-01,0.0,0.0016,0.49,NORMAL,1.06,NORMAL,6.8,RED
Monthly,deepseek,Azerbaijan,2026-07-01,0.0,0.0006,0.27,NORMAL,0.77,NORMAL,4.45,YELLOW
Monthly,deepseek,Bahamas,2026-07-01,0.0,0.0,-0.0,NORMAL,-0.0,NORMAL,0.0,NORMAL
Monthly,deepseek,Bahrain,2026-07-01,0.0,0.0032,-0.31,NORMAL,0.67,NORMAL,2.03,NORMAL
Monthly,deepseek,Bangladesh,2026-07-01,0.0,0.0029,-0.04,NORMAL,-0.15,NORMAL,3.71,YELLOW
Monthly,deepseek,Barbados,2026-07-01,0.0,0.0002,-0.22,NORMAL,-0.22,NORMAL,0.0,NORMAL
Monthly,deepseek,Belarus,2026-07-01,0.0067,0.0022,0.22,NORMAL,0.15,NORMAL,0.2,NORMAL
Monthly,deepseek,Belgium,2026-07-01,0.0,0.0008,0.63,NORMAL,0.94,NORMAL,4.65,YELLOW
Monthly,deepseek,Belize,2026-07-01,0.0,0.0005,-0.1,NORMAL,-0.1,NORMAL,0.0,NORMAL
Monthly,deepseek,Benin,2026-07-01,0.0,0.0,-0.01,NORMAL,-0.01,NORMAL,0.0,NORMAL
Monthly,deepseek,Bermuda,2026-07-01,0.0,0.0,0.0,NORMAL,0.0,NORMAL,0.0,NORMAL
Monthly,deepseek,Bhutan,2026-07-01,0.0,0.0002,-0.01,NORMAL,-0.01,NORMAL,0.0,NORMAL
Monthly,deepseek,Bolivia,2026-07-01,0.0,0.0013,-0.12,NORMAL,-0.12,NORMAL,0.0,NORMAL
Monthly,deepseek,Bosnia & Herzegovina,2026-07-01,0.0,0.0007,1.3,NORMAL,0.65,NORMAL,2.78,NORMAL
Monthly,deepseek,Botswana,2026-07-01,0.0,0.0,-0.0,NORMAL,-0.0,NORMAL,0.0,NORMAL
Monthly,deepseek,Brazil,2026-07-01,0.0008,0.0025,0.82,NORMAL,0.74,NORMAL,5.94,RED
Monthly,deepseek,British Virgin Islands,2026-07-01,0.0,0.0,0.0,NORMAL,0.0,NORMAL,0.0,NORMAL
Monthly,deepseek,Brunei,2026-07-01,0.0,0.0013,-0.22,NORMAL,0.37,NORMAL,3.15,YELLOW
Monthly,deepseek,Bulgaria,2026-07-01,0.0,0.0003,-0.07,NORMAL,-0.07,NORMAL,0.0,NORMAL
Monthly,deepseek,Burkina Faso,2026-07-01,0.0,0.0,-0.01,NORMAL,-0.01,NORMAL,0.0,NORMAL
Monthly,deepseek,Burundi,2026-07-01,0.0,0.0013,0.71,NORMAL,0.95,NORMAL,4.74,YELLOW
Monthly,deepseek,Cambodia,2026-07-01,0.002,0.0021,1.24,NORMAL,0.59,NORMAL,3.47,YELLOW
Monthly,deepseek,Cameroon,2026-07-01,0.0,0.0005,-0.27,NORMAL,-0.27,NORMAL,0.58,NORMAL
Monthly,deepseek,Canada,2026-07-01,0.01,0.0042,0.93,NORMAL,0.53,NORMAL,0.84,NORMAL
Monthly,deepseek,Cape Verde,2026-07-01,0.0,0.0003,-0.3,NORMAL,0.67,NORMAL,2.08,NORMAL
Monthly,deepseek,Cayman Islands,2026-07-01,0.0,0.0,0.0,NORMAL,0.0,NORMAL,0.0,NORMAL
Monthly,deepseek,Central African Republic,2026-07-01,0.0,0.0,-0.0,NORMAL,-0.0,NORMAL,0.0,NORMAL
Monthly,deepseek,Chad,2026-07-01,0.0,0.0,-0.01,NORMAL,-0.01,NORMAL,0.0,NORMAL
Monthly,deepseek,Chile,2026-07-01,0.0033,0.0022,1.26,NORMAL,0.79,NORMAL,3.95,YELLOW
Monthly,deepseek,China,2026-07-01,0.0,0.0014,-0.25,NORMAL,0.12,NORMAL,0.0,NORMAL
Monthly,deepseek,Colombia,2026-07-01,0.0,0.0033,-0.33,NORMAL,0.65,NORMAL,1.91,NORMAL
Monthly,deepseek,Comoros,2026-07-01,0.0,0.0002,-0.17,NORMAL,-0.17,NORMAL,0.0,NORMAL
Monthly,deepseek,Congo - Brazzaville,2026-07-01,0.0,0.0008,-0.27,NORMAL,0.36,NORMAL,0.0,NORMAL
Monthly,deepseek,Congo - Kinshasa,2026-07-01,0.0,0.0002,1.22,NORMAL,0.58,NORMAL,3.25,YELLOW
Monthly,deepseek,Cook Islands,2026-07-01,0.0,0.0001,-0.14,NORMAL,-0.14,NORMAL,0.0,NORMAL
Monthly,deepseek,Costa Rica,2026-07-01,0.0,0.001,-0.09,NORMAL,-0.09,NORMAL,0.0,NORMAL
Monthly,deepseek,Croatia,2026-07-01,0.0,0.0001,-0.06,NORMAL,-0.06,NORMAL,0.0,NORMAL
Monthly,deepseek,Cuba,2026-07-01,0.0,0.0027,0.28,NORMAL,0.81,NORMAL,2.61,NORMAL
Monthly,deepseek,Curaçao,2026-07-01,0.0,0.0,-0.0,NORMAL,-0.0,NORMAL,0.0,NORMAL
Monthly,deepseek,Cyprus,2026-07-01,0.0,0.0,-0.01,NORMAL,-0.01,NORMAL,0.0,NORMAL
Monthly,deepseek,Czechia,2026-07-01,0.0167,0.0014,1.22,NORMAL,0.57,NORMAL,4.19,YELLOW
Monthly,deepseek,Côte d’Ivoire,2026-07-01,0.0,0.0,-0.0,NORMAL,-0.0,NORMAL,0.0,NORMAL
Monthly,deepseek,Denmark,2026-07-01,0.002,0.0015,1.32,NORMAL,0.6,NORMAL,9.94,RED
Monthly,deepseek,Djibouti,2026-07-01,0.01,0.0036,0.14,NORMAL,-0.05,NORMAL,1.33,NORMAL
Monthly,deepseek,Dominica,2026-07-01,0.0,0.0,-0.0,NORMAL,-0.0,NORMAL,0.0,NORMAL
Monthly,deepseek,Dominican Republic,2026-07-01,0.0,0.0017,0.16,NORMAL,0.03,NORMAL,0.0,NORMAL
Monthly,deepseek,Ecuador,2026-07-01,0.0,0.0008,1.26,NORMAL,0.61,NORMAL,3.49,YELLOW
Monthly,deepseek,Egypt,2026-07-01,0.0025,0.0039,-0.25,NORMAL,0.49,NORMAL,0.02,NORMAL
Monthly,deepseek,El Salvador,2026-07-01,0.0,0.0012,-0.11,NORMAL,-0.11,NORMAL,0.0,NORMAL
Monthly,deepseek,Equatorial Guinea,2026-07-01,0.0,0.0001,-0.03,NORMAL,-0.03,NORMAL,0.0,NORMAL
Monthly,deepseek,Eritrea,2026-07-01,0.0,0.0045,1.07,NORMAL,0.48,NORMAL,1.87,NORMAL
Monthly,deepseek,Estonia,2026-07-01,0.0,0.0,-0.0,NORMAL,-0.0,NORMAL,0.0,NORMAL
Monthly,deepseek,Eswatini,2026-07-01,0.0,0.0147,0.84,NORMAL,0.95,NORMAL,5.72,RED
Monthly,deepseek,Ethiopia,2026-07-01,0.005,0.0008,1.4,NORMAL,0.82,NORMAL,11.84,RED
Monthly,deepseek,Faroe Islands,2026-07-01,0.0,0.0,0.0,NORMAL,0.0,NORMAL,0.0,NORMAL
Monthly,deepseek,Fiji,2026-07-01,0.0,0.0091,-0.25,NORMAL,-0.25,NORMAL,0.0,NORMAL
Monthly,deepseek,Finland,2026-07-01,0.0,0.0003,-0.36,NORMAL,-0.36,NORMAL,0.0,NORMAL
Monthly,deepseek,France,2026-07-01,0.0,0.0044,1.17,NORMAL,0.66,NORMAL,7.36,RED
Monthly,deepseek,French Polynesia,2026-07-01,0.0,0.0,0.0,NORMAL,0.0,NORMAL,0.0,NORMAL
Monthly,deepseek,Gabon,2026-07-01,0.0,0.0006,-0.31,NORMAL,0.67,NORMAL,2.08,NORMAL
Monthly,deepseek,Gambia,2026-07-01,0.005,0.0038,1.42,NORMAL,0.71,NORMAL,3.26,YELLOW
Monthly,deepseek,Georgia,2026-07-01,0.0,0.0,-0.35,NORMAL,-0.35,NORMAL,0.0,NORMAL
Monthly,deepseek,Germany,2026-07-01,0.0007,0.0019,0.63,NORMAL,0.57,NORMAL,2.11,NORMAL
Monthly,deepseek,Ghana,2026-07-01,0.0,0.0005,-0.34,NORMAL,0.01,NORMAL,1.46,NORMAL
Monthly,deepseek,Gibraltar,2026-07-01,0.0,0.0,0.0,NORMAL,0.0,NORMAL,0.0,NORMAL
Monthly,deepseek,Greece,2026-07-01,0.0,0.0013,0.14,NORMAL,0.03,NORMAL,3.85,YELLOW
Monthly,deepseek,Greenland,2026-07-01,0.0,0.0,0.0,NORMAL,0.0,NORMAL,0.0,NORMAL
Monthly,deepseek,Grenada,2026-07-01,0.0,0.0003,-0.06,NORMAL,-0.06,NORMAL,0.0,NORMAL
Monthly,deepseek,Guadeloupe,2026-07-01,0.0,0.0,0.0,NORMAL,0.0,NORMAL,0.0,NORMAL
Monthly,deepseek,Guam,2026-07-01,0.0,0.0002,-0.12,NORMAL,-0.12,NORMAL,0.0,NORMAL
Monthly,deepseek,Guatemala,2026-07-01,0.0,0.001,-0.09,NORMAL,-0.09,NORMAL,0.0,NORMAL
Monthly,deepseek,Guinea,2026-07-01,0.01,0.0047,1.55,NORMAL,0.81,NORMAL,9.35,RED
Monthly,deepseek,Guinea-Bissau,2026-07-01,0.0,0.0,-0.0,NORMAL,-0.0,NORMAL,0.0,NORMAL
Monthly,deepseek,Guyana,2026-07-01,0.0,0.0006,-0.28,NORMAL,0.7,NORMAL,1.38,NORMAL
Monthly,deepseek,Haiti,2026-07-01,0.0,0.0,-0.0,NORMAL,-0.0,NORMAL,0.0,NORMAL
Monthly,deepseek,Honduras,2026-07-01,0.0,0.0002,-0.06,NORMAL,-0.06,NORMAL,0.0,NORMAL
Monthly,deepseek,Hungary,2026-07-01,0.0,0.0022,0.57,NORMAL,1.11,NORMAL,8.22,RED
Monthly,deepseek,Iceland,2026-07-01,0.0,0.0,-0.01,NORMAL,-0.01,NORMAL,0.0,NORMAL
Monthly,deepseek,India,2026-07-01,0.01,0.0052,0.11,NORMAL,0.98,NORMAL,3.09,YELLOW
Monthly,deepseek,Indonesia,2026-07-01,0.0011,0.0035,1.13,NORMAL,0.5,NORMAL,7.57,RED
Monthly,deepseek,Iran,2026-07-01,0.0086,0.0054,-0.09,NORMAL,0.99,NORMAL,3.77,YELLOW
Monthly,deepseek,Iraq,2026-07-01,0.0,0.001,-0.46,NORMAL,0.47,NORMAL,3.95,YELLOW
Monthly,deepseek,Ireland,2026-07-01,0.0,0.0001,-0.24,NORMAL,-0.24,NORMAL,0.0,NORMAL
Monthly,deepseek,Israel,2026-07-01,0.01,0.0071,-0.39,NORMAL,0.68,NORMAL,1.92,NORMAL
Monthly,deepseek,Italy,2026-07-01,0.0043,0.0018,0.57,NORMAL,0.92,NORMAL,4.92,YELLOW
Monthly,deepseek,Jamaica,2026-07-01,0.0,0.0019,-0.19,NORMAL,-0.19,NORMAL,0.0,NORMAL
Monthly,deepseek,Japan,2026-07-01,0.019,0.0166,-0.02,NORMAL,0.27,NORMAL,5.46,RED
Monthly,deepseek,Jordan,2026-07-01,0.0,0.001,-0.25,NORMAL,-0.25,NORMAL,0.0,NORMAL
Monthly,deepseek,Kazakhstan,2026-07-01,0.0017,0.0029,0.46,NORMAL,0.62,NORMAL,6.11,RED
Monthly,deepseek,Kenya,2026-07-01,0.005,0.0012,0.92,NORMAL,1.0,NORMAL,8.29,RED
Monthly,deepseek,Kiribati,2026-07-01,0.0,0.0006,-0.3,NORMAL,-0.3,NORMAL,0.0,NORMAL
Monthly,deepseek,Kuwait,2026-07-01,0.0,0.0019,-0.41,NORMAL,0.46,NORMAL,1.95,NORMAL
Monthly,deepseek,Kyrgyzstan,2026-07-01,0.01,0.0038,1.32,NORMAL,0.91,NORMAL,6.32,RED
Monthly,deepseek,Laos,2026-07-01,0.0,0.0016,0.03,NORMAL,-0.09,NORMAL,4.28,YELLOW
Monthly,deepseek,Latvia,2026-07-01,0.0,0.0,-0.0,NORMAL,-0.0,NORMAL,0.0,NORMAL
Monthly,deepseek,Lebanon,2026-07-01,0.0,0.0018,-0.03,NORMAL,0.5,NORMAL,3.26,YELLOW
Monthly,deepseek,Lesotho,2026-07-01,0.0,0.0008,-0.25,NORMAL,-0.25,NORMAL,0.0,NORMAL
Monthly,deepseek,Liberia,2026-07-01,0.0,0.0,-0.16,NORMAL,-0.16,NORMAL,0.0,NORMAL
Monthly,deepseek,Libya,2026-07-01,0.0,0.0006,-0.3,NORMAL,0.68,NORMAL,1.38,NORMAL
Monthly,deepseek,Liechtenstein,2026-07-01,0.0,0.0,0.0,NORMAL,0.0,NORMAL,0.0,NORMAL
Monthly,deepseek,Lithuania,2026-07-01,0.0,0.0005,-0.27,NORMAL,-0.27,NORMAL,0.0,NORMAL
Monthly,deepseek,Luxembourg,2026-07-01,0.0,0.0002,-0.22,NORMAL,-0.22,NORMAL,0.0,NORMAL
Monthly,deepseek,Madagascar,2026-07-01,0.01,0.0027,1.92,NORMAL,0.87,NORMAL,8.6,RED
Monthly,deepseek,Malawi,2026-07-01,0.0,0.0003,-0.26,NORMAL,-0.26,NORMAL,0.0,NORMAL
Monthly,deepseek,Malaysia,2026-07-01,0.01,0.009,1.4,NORMAL,0.68,NORMAL,6.69,RED
Monthly,deepseek,Maldives,2026-07-01,0.0,0.0057,-0.41,NORMAL,0.3,NORMAL,6.67,RED
Monthly,deepseek,Mali,2026-07-01,0.0,0.0002,-0.33,NORMAL,0.64,NORMAL,2.08,NORMAL
Monthly,deepseek,Malta,2026-07-01,0.0,0.0,-0.0,NORMAL,-0.0,NORMAL,0.0,NORMAL
Monthly,deepseek,Marshall Islands,2026-07-01,0.0,0.0004,-0.22,NORMAL,-0.22,NORMAL,0.0,NORMAL
Monthly,deepseek,Martinique,2026-07-01,0.0,0.0,-0.0,NORMAL,-0.0,NORMAL,0.0,NORMAL
Monthly,deepseek,Mauritania,2026-07-01,0.0,0.0,-0.0,NORMAL,-0.0,NORMAL,0.0,NORMAL
Monthly,deepseek,Mauritius,2026-07-01,0.0,0.001,-0.24,NORMAL,-0.24,NORMAL,0.0,NORMAL
Monthly,deepseek,Mexico,2026-07-01,0.0,0.0008,0.69,NORMAL,0.84,NORMAL,4.39,YELLOW
Monthly,deepseek,Micronesia (Federated States of),2026-07-01,0.0,0.0,-0.02,NORMAL,-0.02,NORMAL,0.0,NORMAL
Monthly,deepseek,Moldova,2026-07-01,0.0,0.0003,-0.31,NORMAL,0.66,NORMAL,2.08,NORMAL
Monthly,deepseek,Monaco,2026-07-01,0.0,0.0,-0.0,NORMAL,-0.0,NORMAL,0.0,NORMAL
Monthly,deepseek,Mongolia,2026-07-01,0.0,0.0021,-0.24,NORMAL,0.54,NORMAL,0.83,NORMAL
Monthly,deepseek,Montenegro,2026-07-01,0.0,0.0003,1.3,NORMAL,0.65,NORMAL,2.78,NORMAL
Monthly,deepseek,Morocco,2026-07-01,0.0,0.0007,0.43,NORMAL,0.14,NORMAL,0.0,NORMAL
Monthly,deepseek,Mozambique,2026-07-01,0.0033,0.0013,0.3,NORMAL,0.27,NORMAL,3.02,YELLOW
Monthly,deepseek,Myanmar (Burma),2026-07-01,0.0,0.0032,0.11,NORMAL,0.46,NORMAL,1.73,NORMAL
Monthly,deepseek,Namibia,2026-07-01,0.001,0.0028,1.37,NORMAL,0.62,NORMAL,5.3,RED
Monthly,deepseek,Nauru,2026-07-01,0.0,0.0046,-0.19,NORMAL,-0.19,NORMAL,0.0,NORMAL
Monthly,deepseek,Nepal,2026-07-01,0.0,0.0012,0.01,NORMAL,0.11,NORMAL,0.0,NORMAL
Monthly,deepseek,Netherlands,2026-07-01,0.0,0.0016,-0.42,NORMAL,0.43,NORMAL,0.0,NORMAL
Monthly,deepseek,New Caledonia,2026-07-01,0.0,0.0,0.0,NORMAL,0.0,NORMAL,0.0,NORMAL
Monthly,deepseek,New Zealand,2026-07-01,0.0,0.0019,-0.03,NORMAL,0.04,NORMAL,0.0,NORMAL
Monthly,deepseek,Nicaragua,2026-07-01,0.0,0.0012,-0.35,NORMAL,-0.35,NORMAL,0.0,NORMAL
Monthly,deepseek,Niger,2026-07-01,0.0,0.0,-0.0,NORMAL,-0.0,NORMAL,0.0,NORMAL
Monthly,deepseek,Nigeria,2026-07-01,0.005,0.0038,1.42,NORMAL,0.71,NORMAL,3.26,YELLOW
Monthly,deepseek,Niue,2026-07-01,0.0,0.0,-0.0,NORMAL,-0.0,NORMAL,0.0,NORMAL
Monthly,deepseek,North Korea,2026-07-01,0.0069,0.0049,-0.16,NORMAL,0.81,NORMAL,3.07,YELLOW
Monthly,deepseek,North Macedonia,2026-07-01,0.0,0.0009,0.34,NORMAL,0.93,NORMAL,3.38,YELLOW
Monthly,deepseek,Northern Mariana Islands,2026-07-01,0.0,0.0,0.0,NORMAL,0.0,NORMAL,0.0,NORMAL
Monthly,deepseek,Norway,2026-07-01,0.0,0.0016,0.02,NORMAL,0.47,NORMAL,4.43,YELLOW
Monthly,deepseek,Oman,2026-07-01,0.0,0.0004,-0.17,NORMAL,-0.17,NORMAL,0.0,NORMAL
Monthly,deepseek,Pakistan,2026-07-01,0.005,0.0039,0.02,NORMAL,0.86,NORMAL,3.89,YELLOW
Monthly,deepseek,Palau,2026-07-01,0.0,0.0001,-0.01,NORMAL,-0.01,NORMAL,0.0,NORMAL
Monthly,deepseek,Palestinian Territories,2026-07-01,0.005,0.0047,-0.59,NORMAL,0.19,NORMAL,0.0,NORMAL
Monthly,deepseek,Panama,2026-07-01,0.0,0.002,-0.37,NORMAL,0.36,NORMAL,0.24,NORMAL
Monthly,deepseek,Papua New Guinea,2026-07-01,0.0,0.0015,-0.36,NORMAL,0.62,NORMAL,2.08,NORMAL
Monthly,deepseek,Paraguay,2026-07-01,0.0,0.0,-0.0,NORMAL,-0.0,NORMAL,0.0,NORMAL
Monthly,deepseek,Peru,2026-07-01,0.0025,0.0014,-0.15,NORMAL,-0.13,NORMAL,3.14,YELLOW
Monthly,deepseek,Philippines,2026-07-01,0.0869,0.0346,-0.05,NORMAL,-0.2,NORMAL,0.34,NORMAL
Monthly,deepseek,Poland,2026-07-01,0.0,0.0003,-0.12,NORMAL,-0.12,NORMAL,0.0,NORMAL
Monthly,deepseek,Portugal,2026-07-01,0.0,0.0015,0.71,NORMAL,0.5,NORMAL,2.16,NORMAL
Monthly,deepseek,Puerto Rico,2026-07-01,0.0,0.0,-0.0,NORMAL,-0.0,NORMAL,0.0,NORMAL
Monthly,deepseek,Qatar,2026-07-01,0.0,0.0008,-0.32,NORMAL,-0.32,NORMAL,1.91,NORMAL
Monthly,deepseek,Romania,2026-07-01,0.0,0.0002,-0.28,NORMAL,0.7,NORMAL,1.37,NORMAL
Monthly,deepseek,Russia,2026-07-01,0.0082,0.0053,0.1,NORMAL,0.75,NORMAL,8.07,RED
Monthly,deepseek,Rwanda,2026-07-01,0.005,0.0012,1.71,NORMAL,0.82,NORMAL,5.64,RED
Monthly,deepseek,Réunion,2026-07-01,0.0,0.0,0.0,NORMAL,0.0,NORMAL,0.0,NORMAL
Monthly,deepseek,Samoa,2026-07-01,0.0,0.0003,-0.26,NORMAL,-0.26,NORMAL,0.0,NORMAL
Monthly,deepseek,San Marino,2026-07-01,0.0,0.0,-0.01,NORMAL,-0.01,NORMAL,0.0,NORMAL
Monthly,deepseek,Saudi Arabia,2026-07-01,0.0033,0.0024,-0.12,NORMAL,0.53,NORMAL,1.99,NORMAL
Monthly,deepseek,Senegal,2026-07-01,0.0,0.0004,-0.28,NORMAL,-0.28,NORMAL,0.0,NORMAL
Monthly,deepseek,Serbia,2026-07-01,0.0,0.0027,0.09,NORMAL,0.25,NORMAL,0.91,NORMAL
Monthly,deepseek,Seychelles,2026-07-01,0.0,0.0007,-0.07,NORMAL,0.29,NORMAL,1.54,NORMAL
Monthly,deepseek,Sierra Leone,2026-07-01,0.0,0.0007,1.3,NORMAL,0.65,NORMAL,2.78,NORMAL
Monthly,deepseek,Singapore,2026-07-01,0.0,0.0023,0.93,NORMAL,0.55,NORMAL,3.4,YELLOW
Monthly,deepseek,Slovakia,2026-07-01,0.0,0.0001,-0.13,NORMAL,-0.13,NORMAL,0.0,NORMAL
Monthly,deepseek,Slovenia,2026-07-01,0.0,0.0005,0.15,NORMAL,0.04,NORMAL,0.0,NORMAL
Monthly,deepseek,Solomon Islands,2026-07-01,0.0,0.0004,-0.21,NORMAL,-0.21,NORMAL,0.0,NORMAL
Monthly,deepseek,Somalia,2026-07-01,0.0,0.0,-0.01,NORMAL,-0.01,NORMAL,0.0,NORMAL
Monthly,deepseek,South Africa,2026-07-01,0.0025,0.0023,0.59,NORMAL,0.62,NORMAL,1.4,NORMAL
Monthly,deepseek,South Korea,2026-07-01,0.0042,0.0025,0.62,NORMAL,0.69,NORMAL,2.55,NORMAL
Monthly,deepseek,South Sudan,2026-07-01,0.0,0.0024,-0.24,NORMAL,-0.14,NORMAL,0.0,NORMAL
Monthly,deepseek,Spain,2026-07-01,0.0011,0.0018,0.17,NORMAL,0.18,NORMAL,3.02,YELLOW
Monthly,deepseek,Sri Lanka,2026-07-01,0.0017,0.001,-0.36,NORMAL,0.75,NORMAL,0.51,NORMAL
Monthly,deepseek,St. Helena,2026-07-01,0.0,0.0,0.0,NORMAL,0.0,NORMAL,0.0,NORMAL
Monthly,deepseek,St. Kitts & Nevis,2026-07-01,0.0,0.0,0.0,NORMAL,0.0,NORMAL,0.0,NORMAL
Monthly,deepseek,St. Lucia,2026-07-01,0.0,0.0,-0.0,NORMAL,-0.0,NORMAL,0.0,NORMAL
Monthly,deepseek,St. Vincent & Grenadines,2026-07-01,0.0,0.0,-0.0,NORMAL,-0.0,NORMAL,0.0,NORMAL
Monthly,deepseek,Sudan,2026-07-01,0.0,0.0006,-0.31,NORMAL,0.67,NORMAL,2.08,NORMAL
Monthly,deepseek,Suriname,2026-07-01,0.0,0.0,-0.08,NORMAL,-0.08,NORMAL,0.0,NORMAL
Monthly,deepseek,Svalbard & Jan Mayen,2026-07-01,0.0,0.0,0.0,NORMAL,0.0,NORMAL,0.0,NORMAL
Monthly,deepseek,Sweden,2026-07-01,0.005,0.0006,0.78,NORMAL,0.31,NORMAL,2.74,NORMAL
Monthly,deepseek,Switzerland,2026-07-01,0.0,0.0015,-0.15,NORMAL,0.31,NORMAL,0.0,NORMAL
Monthly,deepseek,Syria,2026-07-01,0.0,0.0021,-0.2,NORMAL,-0.2,NORMAL,0.0,NORMAL
Monthly,deepseek,São Tomé & Príncipe,2026-07-01,0.0,0.0,-0.0,NORMAL,-0.0,NORMAL,0.0,NORMAL
Monthly,deepseek,Taiwan,2026-07-01,0.0112,0.0351,-0.74,NORMAL,-0.6,NORMAL,0.0,NORMAL
Monthly,deepseek,Tajikistan,2026-07-01,0.0,0.0044,-0.32,NORMAL,-0.38,NORMAL,0.75,NORMAL
Monthly,deepseek,Tanzania,2026-07-01,0.002,0.0018,0.15,NORMAL,0.03,NORMAL,1.0,NORMAL
Monthly,deepseek,Thailand,2026-07-01,0.0011,0.0071,1.24,NORMAL,0.63,NORMAL,4.34,YELLOW
Monthly,deepseek,Timor-Leste,2026-07-01,0.0,0.0007,1.27,NORMAL,0.61,NORMAL,2.78,NORMAL
Monthly,deepseek,Togo,2026-07-01,0.0,0.0,-0.01,NORMAL,-0.01,NORMAL,0.0,NORMAL
Monthly,deepseek,Tonga,2026-07-01,0.0,0.0006,0.48,NORMAL,0.18,NORMAL,0.0,NORMAL
Monthly,deepseek,Trinidad & Tobago,2026-07-01,0.0,0.0002,-0.04,NORMAL,-0.04,NORMAL,0.0,NORMAL
Monthly,deepseek,Tunisia,2026-07-01,0.0,0.0,-0.0,NORMAL,-0.0,NORMAL,0.0,NORMAL
Monthly,deepseek,Turkey,2026-07-01,0.0,0.0064,-0.08,NORMAL,0.78,NORMAL,8.51,RED
Monthly,deepseek,Turkmenistan,2026-07-01,0.0,0.0032,0.17,NORMAL,0.29,NORMAL,0.0,NORMAL
Monthly,deepseek,Tuvalu,2026-07-01,0.0,0.0,0.0,NORMAL,0.0,NORMAL,0.0,NORMAL
Monthly,deepseek,UK,2026-07-01,0.001,0.0037,-0.08,NORMAL,0.05,NORMAL,0.0,NORMAL
Monthly,deepseek,US,2026-07-01,0.0176,0.0135,-0.24,NORMAL,-0.13,NORMAL,0.26,NORMAL
Monthly,deepseek,Uganda,2026-07-01,0.0033,0.0019,0.25,NORMAL,0.86,NORMAL,6.62,RED
Monthly,deepseek,Ukraine,2026-07-01,0.0,0.0039,-0.6,NORMAL,0.16,NORMAL,0.0,NORMAL
Monthly,deepseek,United Arab Emirates,2026-07-01,0.0,0.0018,0.06,NORMAL,0.59,NORMAL,7.87,RED
Monthly,deepseek,Uruguay,2026-07-01,0.0,0.0013,0.82,NORMAL,0.29,NORMAL,3.63,YELLOW
Monthly,deepseek,Uzbekistan,2026-07-01,0.0,0.0015,0.01,NORMAL,0.16,NORMAL,0.0,NORMAL
Monthly,deepseek,Vanuatu,2026-07-01,0.0,0.0002,-0.11,NORMAL,-0.11,NORMAL,0.0,NORMAL
Monthly,deepseek,Vatican City,2026-07-01,0.0,0.0,-0.0,NORMAL,-0.0,NORMAL,0.0,NORMAL
Monthly,deepseek,Venezuela,2026-07-01,0.0,0.0022,-0.14,NORMAL,0.24,NORMAL,2.02,NORMAL
Monthly,deepseek,Vietnam,2026-07-01,0.0033,0.005,1.29,NORMAL,0.78,NORMAL,8.53,RED
Monthly,deepseek,Western Sahara,2026-07-01,0.0,0.0,0.0,NORMAL,0.0,NORMAL,0.0,NORMAL
Monthly,deepseek,Yemen,2026-07-01,0.0,0.0003,-0.06,NORMAL,-0.06,NORMAL,0.0,NORMAL
Monthly,deepseek,Zambia,2026-07-01,0.0,0.0021,0.84,NORMAL,0.84,NORMAL,7.13,RED
Monthly,deepseek,Zimbabwe,2026-07-01,0.0,0.0016,0.5,NORMAL,0.1,NORMAL,1.16,NORMAL
Monthly,lexicon,Afghanistan,2026-07-01,0.0,0.0001,-0.23,NORMAL,-0.23,NORMAL,0.0,NORMAL
Monthly,lexicon,Albania,2026-07-01,0.0,0.0,-0.04,NORMAL,-0.04,NORMAL,0.0,NORMAL
Monthly,lexicon,Algeria,2026-07-01,0.0,0.0,-0.0,NORMAL,-0.0,NORMAL,0.0,NORMAL
Monthly,lexicon,American Samoa,2026-07-01,0.0,0.0,0.0,NORMAL,0.0,NORMAL,0.0,NORMAL
Monthly,lexicon,Andorra,2026-07-01,0.0,0.0,0.0,NORMAL,0.0,NORMAL,0.0,NORMAL
Monthly,lexicon,Angola,2026-07-01,0.0,0.0,-0.0,NORMAL,-0.0,NORMAL,0.0,NORMAL
Monthly,lexicon,Antarctica,2026-07-01,0.0,0.0,0.0,NORMAL,0.0,NORMAL,0.0,NORMAL
Monthly,lexicon,Antigua & Barbuda,2026-07-01,0.0,0.0,-0.0,NORMAL,-0.0,NORMAL,0.0,NORMAL
Monthly,lexicon,Argentina,2026-07-01,0.0,0.0,-0.02,NORMAL,-0.02,NORMAL,0.0,NORMAL
Monthly,lexicon,Armenia,2026-07-01,0.0,0.0,-0.74,NORMAL,-0.74,NORMAL,0.0,NORMAL
Monthly,lexicon,Aruba,2026-07-01,0.0,0.0,0.0,NORMAL,0.0,NORMAL,0.0,NORMAL
Monthly,lexicon,Australia,2026-07-01,0.0,0.0,-0.26,NORMAL,-0.26,NORMAL,0.0,NORMAL
Monthly,lexicon,Austria,2026-07-01,0.0,0.0,-0.0,NORMAL,-0.0,NORMAL,0.0,NORMAL
Monthly,lexicon,Azerbaijan,2026-07-01,0.0,0.0,-0.21,NORMAL,-0.21,NORMAL,0.0,NORMAL
Monthly,lexicon,Bahamas,2026-07-01,0.0,0.0,-0.0,NORMAL,-0.0,NORMAL,0.0,NORMAL
Monthly,lexicon,Bahrain,2026-07-01,0.0,0.0,-0.16,NORMAL,-0.16,NORMAL,0.0,NORMAL
Monthly,lexicon,Bangladesh,2026-07-01,0.0,0.0,-0.0,NORMAL,-0.0,NORMAL,0.0,NORMAL
Monthly,lexicon,Barbados,2026-07-01,0.0,0.0,-0.01,NORMAL,-0.01,NORMAL,0.0,NORMAL
Monthly,lexicon,Belarus,2026-07-01,0.0,0.0,-0.0,NORMAL,-0.0,NORMAL,0.0,NORMAL
Monthly,lexicon,Belgium,2026-07-01,0.0,0.0,-0.02,NORMAL,-0.02,NORMAL,0.0,NORMAL
Monthly,lexicon,Belize,2026-07-01,0.0,0.0,-0.1,NORMAL,-0.1,NORMAL,0.0,NORMAL
Monthly,lexicon,Benin,2026-07-01,0.0,0.0,-0.0,NORMAL,-0.0,NORMAL,0.0,NORMAL
Monthly,lexicon,Bermuda,2026-07-01,0.0,0.0,0.0,NORMAL,0.0,NORMAL,0.0,NORMAL
Monthly,lexicon,Bhutan,2026-07-01,0.0,0.0,0.0,NORMAL,0.0,NORMAL,0.0,NORMAL
Monthly,lexicon,Bolivia,2026-07-01,0.0,0.0,-0.0,NORMAL,-0.0,NORMAL,0.0,NORMAL
Monthly,lexicon,Bosnia & Herzegovina,2026-07-01,0.0,0.0,-0.0,NORMAL,-0.0,NORMAL,0.0,NORMAL
Monthly,lexicon,Botswana,2026-07-01,0.0,0.0,-0.02,NORMAL,-0.02,NORMAL,0.0,NORMAL
Monthly,lexicon,Brazil,2026-07-01,0.0,0.0,0.42,NORMAL,0.1,NORMAL,0.08,NORMAL
Monthly,lexicon,British Virgin Islands,2026-07-01,0.0,0.0,0.0,NORMAL,0.0,NORMAL,0.0,NORMAL
Monthly,lexicon,Brunei,2026-07-01,0.0,0.0,0.0,NORMAL,0.0,NORMAL,0.0,NORMAL
Monthly,lexicon,Bulgaria,2026-07-01,0.0,0.0,-0.0,NORMAL,-0.0,NORMAL,0.0,NORMAL
Monthly,lexicon,Burkina Faso,2026-07-01,0.0,0.0,0.0,NORMAL,0.0,NORMAL,0.0,NORMAL
Monthly,lexicon,Burundi,2026-07-01,0.0,0.0,-0.0,NORMAL,-0.0,NORMAL,0.0,NORMAL
Monthly,lexicon,Cambodia,2026-07-01,0.0,0.0,-0.26,NORMAL,-0.26,NORMAL,0.0,NORMAL
Monthly,lexicon,Cameroon,2026-07-01,0.0,0.0,-0.0,NORMAL,-0.0,NORMAL,0.0,NORMAL
Monthly,lexicon,Canada,2026-07-01,0.0,0.0001,-0.2,NORMAL,-0.0,NORMAL,0.0,NORMAL
Monthly,lexicon,Cape Verde,2026-07-01,0.0,0.0,-0.0,NORMAL,-0.0,NORMAL,0.0,NORMAL
Monthly,lexicon,Cayman Islands,2026-07-01,0.0,0.0,0.0,NORMAL,0.0,NORMAL,0.0,NORMAL
Monthly,lexicon,Central African Republic,2026-07-01,0.0,0.0,-0.04,NORMAL,-0.04,NORMAL,0.0,NORMAL
Monthly,lexicon,Chad,2026-07-01,0.0,0.0,-0.02,NORMAL,-0.02,NORMAL,0.0,NORMAL
Monthly,lexicon,Chile,2026-07-01,0.0,0.0,-0.0,NORMAL,-0.0,NORMAL,0.0,NORMAL
Monthly,lexicon,China,2026-07-01,0.0,0.0,-0.0,NORMAL,-0.0,NORMAL,0.0,NORMAL
Monthly,lexicon,Colombia,2026-07-01,0.0,0.0,-0.01,NORMAL,-0.01,NORMAL,0.0,NORMAL
Monthly,lexicon,Comoros,2026-07-01,0.0,0.0,0.0,NORMAL,0.0,NORMAL,0.0,NORMAL
Monthly,lexicon,Congo - Brazzaville,2026-07-01,0.0,0.0,-0.0,NORMAL,-0.0,NORMAL,0.0,NORMAL
Monthly,lexicon,Congo - Kinshasa,2026-07-01,0.0,0.0,-0.0,NORMAL,-0.0,NORMAL,0.0,NORMAL
Monthly,lexicon,Cook Islands,2026-07-01,0.0,0.0,0.0,NORMAL,0.0,NORMAL,0.0,NORMAL
Monthly,lexicon,Costa Rica,2026-07-01,0.0,0.0,-0.0,NORMAL,-0.0,NORMAL,0.0,NORMAL
Monthly,lexicon,Croatia,2026-07-01,0.0,0.0,-0.0,NORMAL,-0.0,NORMAL,0.0,NORMAL
Monthly,lexicon,Cuba,2026-07-01,0.0,0.0001,-0.09,NORMAL,-0.09,NORMAL,0.0,NORMAL
Monthly,lexicon,Curaçao,2026-07-01,0.0,0.0,0.0,NORMAL,0.0,NORMAL,0.0,NORMAL
Monthly,lexicon,Cyprus,2026-07-01,0.0,0.0,-0.0,NORMAL,-0.0,NORMAL,0.0,NORMAL
Monthly,lexicon,Czechia,2026-07-01,0.0,0.0,-0.01,NORMAL,-0.01,NORMAL,0.0,NORMAL
Monthly,lexicon,Côte d’Ivoire,2026-07-01,0.0,0.0,-0.0,NORMAL,-0.0,NORMAL,0.0,NORMAL
Monthly,lexicon,Denmark,2026-07-01,0.0,0.0,-0.0,NORMAL,-0.0,NORMAL,0.0,NORMAL
Monthly,lexicon,Djibouti,2026-07-01,0.0,0.0,-0.0,NORMAL,-0.0,NORMAL,0.0,NORMAL
Monthly,lexicon,Dominica,2026-07-01,0.0,0.0,0.0,NORMAL,0.0,NORMAL,0.0,NORMAL
Monthly,lexicon,Dominican Republic,2026-07-01,0.0,0.0,-0.01,NORMAL,-0.01,NORMAL,0.0,NORMAL
Monthly,lexicon,Ecuador,2026-07-01,0.0,0.0,-0.0,NORMAL,-0.0,NORMAL,0.0,NORMAL
Monthly,lexicon,Egypt,2026-07-01,0.0,0.0,-0.39,NORMAL,0.54,NORMAL,4.28,YELLOW
Monthly,lexicon,El Salvador,2026-07-01,0.0,0.0,-0.02,NORMAL,-0.02,NORMAL,0.0,NORMAL
Monthly,lexicon,Equatorial Guinea,2026-07-01,0.0,0.0,0.0,NORMAL,0.0,NORMAL,0.0,NORMAL
Monthly,lexicon,Eritrea,2026-07-01,0.0,0.0,0.0,NORMAL,0.0,NORMAL,0.0,NORMAL
Monthly,lexicon,Estonia,2026-07-01,0.0,0.0,0.0,NORMAL,0.0,NORMAL,0.0,NORMAL
Monthly,lexicon,Eswatini,2026-07-01,0.0,0.0003,-0.3,NORMAL,0.67,NORMAL,2.08,NORMAL
Monthly,lexicon,Ethiopia,2026-07-01,0.0,0.0,-0.01,NORMAL,-0.01,NORMAL,0.0,NORMAL
Monthly,lexicon,Faroe Islands,2026-07-01,0.0,0.0,0.0,NORMAL,0.0,NORMAL,0.0,NORMAL
Monthly,lexicon,Fiji,2026-07-01,0.0,0.0001,-0.19,NORMAL,-0.19,NORMAL,0.0,NORMAL
Monthly,lexicon,Finland,2026-07-01,0.0,0.0,-0.0,NORMAL,-0.0,NORMAL,0.0,NORMAL
Monthly,lexicon,France,2026-07-01,0.0,0.0,-0.41,NORMAL,0.55,NORMAL,1.82,NORMAL
Monthly,lexicon,French Polynesia,2026-07-01,0.0,0.0,0.0,NORMAL,0.0,NORMAL,0.0,NORMAL
Monthly,lexicon,Gabon,2026-07-01,0.0,0.0,-0.03,NORMAL,-0.03,NORMAL,0.0,NORMAL
Monthly,lexicon,Gambia,2026-07-01,0.0,0.0,-0.0,NORMAL,-0.0,NORMAL,0.0,NORMAL
Monthly,lexicon,Georgia,2026-07-01,0.0,0.0,-0.01,NORMAL,-0.01,NORMAL,0.0,NORMAL
Monthly,lexicon,Germany,2026-07-01,0.0,0.0,0.15,NORMAL,-0.07,NORMAL,0.0,NORMAL
Monthly,lexicon,Ghana,2026-07-01,0.0,0.0,-0.0,NORMAL,-0.0,NORMAL,0.0,NORMAL
Monthly,lexicon,Gibraltar,2026-07-01,0.0,0.0,0.0,NORMAL,0.0,NORMAL,0.0,NORMAL
Monthly,lexicon,Greece,2026-07-01,0.0,0.0,1.17,NORMAL,0.55,NORMAL,3.28,YELLOW
Monthly,lexicon,Greenland,2026-07-01,0.0,0.0001,-0.26,NORMAL,-0.26,NORMAL,0.66,NORMAL
Monthly,lexicon,Grenada,2026-07-01,0.0,0.0,-0.0,NORMAL,-0.0,NORMAL,0.0,NORMAL
Monthly,lexicon,Guadeloupe,2026-07-01,0.0,0.0,0.0,NORMAL,0.0,NORMAL,0.0,NORMAL
Monthly,lexicon,Guam,2026-07-01,0.0,0.0,-0.12,NORMAL,-0.12,NORMAL,0.0,NORMAL
Monthly,lexicon,Guatemala,2026-07-01,0.0,0.0,-0.0,NORMAL,-0.0,NORMAL,0.0,NORMAL
Monthly,lexicon,Guinea,2026-07-01,0.0,0.0,-0.0,NORMAL,-0.0,NORMAL,0.0,NORMAL
Monthly,lexicon,Guinea-Bissau,2026-07-01,0.0,0.0,-0.0,NORMAL,-0.0,NORMAL,0.0,NORMAL
Monthly,lexicon,Guyana,2026-07-01,0.0,0.0,-0.0,NORMAL,-0.0,NORMAL,0.0,NORMAL
Monthly,lexicon,Haiti,2026-07-01,0.0,0.0,-0.0,NORMAL,-0.0,NORMAL,0.0,NORMAL
Monthly,lexicon,Honduras,2026-07-01,0.0,0.0,-0.0,NORMAL,-0.0,NORMAL,0.0,NORMAL
Monthly,lexicon,Hungary,2026-07-01,0.0,0.0,-0.15,NORMAL,-0.15,NORMAL,0.0,NORMAL
Monthly,lexicon,Iceland,2026-07-01,0.0,0.0,-0.0,NORMAL,-0.0,NORMAL,0.0,NORMAL
Monthly,lexicon,India,2026-07-01,0.0,0.0001,-0.32,NORMAL,0.59,NORMAL,0.56,NORMAL
Monthly,lexicon,Indonesia,2026-07-01,0.0,0.0,-0.15,NORMAL,-0.15,NORMAL,0.0,NORMAL
Monthly,lexicon,Iran,2026-07-01,0.0,0.0001,-0.13,NORMAL,0.02,NORMAL,0.0,NORMAL
Monthly,lexicon,Iraq,2026-07-01,0.0,0.0001,-0.41,NORMAL,0.48,NORMAL,4.12,YELLOW
Monthly,lexicon,Ireland,2026-07-01,0.0,0.0,-0.0,NORMAL,-0.0,NORMAL,0.0,NORMAL
Monthly,lexicon,Israel,2026-07-01,0.0,0.0002,-0.4,NORMAL,0.08,NORMAL,0.0,NORMAL
Monthly,lexicon,Italy,2026-07-01,0.0,0.0,-0.0,NORMAL,-0.0,NORMAL,0.0,NORMAL
Monthly,lexicon,Jamaica,2026-07-01,0.0,0.0,-0.0,NORMAL,-0.0,NORMAL,0.0,NORMAL
Monthly,lexicon,Japan,2026-07-01,0.0001,0.0002,-0.28,NORMAL,-0.05,NORMAL,2.6,NORMAL
Monthly,lexicon,Jordan,2026-07-01,0.0,0.0,-0.0,NORMAL,-0.0,NORMAL,0.0,NORMAL
Monthly,lexicon,Kazakhstan,2026-07-01,0.0,0.0,-0.05,NORMAL,-0.05,NORMAL,0.0,NORMAL
Monthly,lexicon,Kenya,2026-07-01,0.0,0.0,-0.22,NORMAL,-0.22,NORMAL,0.0,NORMAL
Monthly,lexicon,Kiribati,2026-07-01,0.0,0.0,-0.0,NORMAL,-0.0,NORMAL,0.0,NORMAL
Monthly,lexicon,Kuwait,2026-07-01,0.0,0.0,-0.0,NORMAL,-0.0,NORMAL,0.0,NORMAL
Monthly,lexicon,Kyrgyzstan,2026-07-01,0.0,0.0,-0.01,NORMAL,-0.01,NORMAL,0.0,NORMAL
Monthly,lexicon,Laos,2026-07-01,0.0,0.0,-0.01,NORMAL,-0.01,NORMAL,0.0,NORMAL
Monthly,lexicon,Latvia,2026-07-01,0.0,0.0,-0.0,NORMAL,-0.0,NORMAL,0.0,NORMAL
Monthly,lexicon,Lebanon,2026-07-01,0.0,0.0,-0.01,NORMAL,-0.01,NORMAL,0.0,NORMAL
Monthly,lexicon,Lesotho,2026-07-01,0.0,0.0,-0.0,NORMAL,-0.0,NORMAL,0.0,NORMAL
Monthly,lexicon,Liberia,2026-07-01,0.0,0.0,-0.0,NORMAL,-0.0,NORMAL,0.0,NORMAL
Monthly,lexicon,Libya,2026-07-01,0.0,0.0,-0.05,NORMAL,-0.05,NORMAL,0.0,NORMAL
Monthly,lexicon,Liechtenstein,2026-07-01,0.0,0.0,0.0,NORMAL,0.0,NORMAL,0.0,NORMAL
Monthly,lexicon,Lithuania,2026-07-01,0.0,0.0,-0.02,NORMAL,-0.02,NORMAL,0.0,NORMAL
Monthly,lexicon,Luxembourg,2026-07-01,0.0,0.0,-0.0,NORMAL,-0.0,NORMAL,0.0,NORMAL
Monthly,lexicon,Madagascar,2026-07-01,0.0,0.0,-0.01,NORMAL,-0.01,NORMAL,0.0,NORMAL
Monthly,lexicon,Malawi,2026-07-01,0.0,0.0,-0.03,NORMAL,-0.03,NORMAL,0.0,NORMAL
Monthly,lexicon,Malaysia,2026-07-01,0.0,0.0,-0.22,NORMAL,-0.22,NORMAL,0.0,NORMAL
Monthly,lexicon,Maldives,2026-07-01,0.0,0.0,-0.0,NORMAL,-0.0,NORMAL,0.0,NORMAL
Monthly,lexicon,Mali,2026-07-01,0.0,0.0,-0.01,NORMAL,-0.01,NORMAL,0.0,NORMAL
Monthly,lexicon,Malta,2026-07-01,0.0,0.0,-0.0,NORMAL,-0.0,NORMAL,0.0,NORMAL
Monthly,lexicon,Marshall Islands,2026-07-01,0.0,0.0,-0.0,NORMAL,-0.0,NORMAL,0.0,NORMAL
Monthly,lexicon,Martinique,2026-07-01,0.0,0.0,0.0,NORMAL,0.0,NORMAL,0.0,NORMAL
Monthly,lexicon,Mauritania,2026-07-01,0.0,0.0,-0.0,NORMAL,-0.0,NORMAL,0.0,NORMAL
Monthly,lexicon,Mauritius,2026-07-01,0.0,0.0,-0.0,NORMAL,-0.0,NORMAL,0.0,NORMAL
Monthly,lexicon,Mexico,2026-07-01,0.0,0.0001,-0.15,NORMAL,-0.15,NORMAL,0.0,NORMAL
Monthly,lexicon,Micronesia (Federated States of),2026-07-01,0.0,0.0,0.0,NORMAL,0.0,NORMAL,0.0,NORMAL
Monthly,lexicon,Moldova,2026-07-01,0.0,0.0,-0.0,NORMAL,-0.0,NORMAL,0.0,NORMAL
Monthly,lexicon,Monaco,2026-07-01,0.0,0.0,-0.0,NORMAL,-0.0,NORMAL,0.0,NORMAL
Monthly,lexicon,Mongolia,2026-07-01,0.0,0.0,-0.0,NORMAL,-0.0,NORMAL,0.0,NORMAL
Monthly,lexicon,Montenegro,2026-07-01,0.0,0.0,-0.0,NORMAL,-0.0,NORMAL,0.0,NORMAL
Monthly,lexicon,Morocco,2026-07-01,0.0,0.0,-0.04,NORMAL,-0.04,NORMAL,0.0,NORMAL
Monthly,lexicon,Mozambique,2026-07-01,0.0,0.0,-0.01,NORMAL,-0.01,NORMAL,0.0,NORMAL
Monthly,lexicon,Myanmar (Burma),2026-07-01,0.0,0.0005,-0.29,NORMAL,-0.29,NORMAL,0.76,NORMAL
Monthly,lexicon,Namibia,2026-07-01,0.0,0.0,-0.0,NORMAL,-0.0,NORMAL,0.0,NORMAL
Monthly,lexicon,Nauru,2026-07-01,0.0,0.0,-0.18,NORMAL,-0.18,NORMAL,0.0,NORMAL
Monthly,lexicon,Nepal,2026-07-01,0.0,0.0,-0.27,NORMAL,-0.27,NORMAL,0.46,NORMAL
Monthly,lexicon,Netherlands,2026-07-01,0.0,0.0,-0.01,NORMAL,-0.01,NORMAL,0.0,NORMAL
Monthly,lexicon,New Caledonia,2026-07-01,0.0,0.0,0.0,NORMAL,0.0,NORMAL,0.0,NORMAL
Monthly,lexicon,New Zealand,2026-07-01,0.0,0.0,-0.04,NORMAL,-0.04,NORMAL,0.0,NORMAL
Monthly,lexicon,Nicaragua,2026-07-01,0.0,0.0,-0.0,NORMAL,-0.0,NORMAL,0.0,NORMAL
Monthly,lexicon,Niger,2026-07-01,0.0,0.0,-0.0,NORMAL,-0.0,NORMAL,0.0,NORMAL
Monthly,lexicon,Nigeria,2026-07-01,0.0,0.0,-0.0,NORMAL,-0.0,NORMAL,0.0,NORMAL
Monthly,lexicon,Niue,2026-07-01,0.0,0.0,0.0,NORMAL,0.0,NORMAL,0.0,NORMAL
Monthly,lexicon,North Korea,2026-07-01,0.0,0.0,-0.25,NORMAL,-0.25,NORMAL,0.0,NORMAL
Monthly,lexicon,North Macedonia,2026-07-01,0.0,0.0,-0.0,NORMAL,-0.0,NORMAL,0.0,NORMAL
Monthly,lexicon,Northern Mariana Islands,2026-07-01,0.0,0.0,0.0,NORMAL,0.0,NORMAL,0.0,NORMAL
Monthly,lexicon,Norway,2026-07-01,0.0,0.0,-0.17,NORMAL,-0.17,NORMAL,0.0,NORMAL
Monthly,lexicon,Oman,2026-07-01,0.0,0.0,-0.16,NORMAL,-0.16,NORMAL,0.0,NORMAL
Monthly,lexicon,Pakistan,2026-07-01,0.0,0.0,-0.11,NORMAL,-0.11,NORMAL,0.0,NORMAL
Monthly,lexicon,Palau,2026-07-01,0.0,0.0,0.0,NORMAL,0.0,NORMAL,0.0,NORMAL
Monthly,lexicon,Palestinian Territories,2026-07-01,0.0,0.0001,-0.45,NORMAL,-0.45,NORMAL,0.0,NORMAL
Monthly,lexicon,Panama,2026-07-01,0.0,0.0002,-0.22,NORMAL,-0.22,NORMAL,0.0,NORMAL
Monthly,lexicon,Papua New Guinea,2026-07-01,0.0,0.0,-0.0,NORMAL,-0.0,NORMAL,0.0,NORMAL
Monthly,lexicon,Paraguay,2026-07-01,0.0,0.0,-0.02,NORMAL,-0.02,NORMAL,0.0,NORMAL
Monthly,lexicon,Peru,2026-07-01,0.0,0.0,-0.01,NORMAL,-0.01,NORMAL,0.0,NORMAL
Monthly,lexicon,Philippines,2026-07-01,0.0006,0.0005,0.2,NORMAL,-0.07,NORMAL,2.67,NORMAL
Monthly,lexicon,Poland,2026-07-01,0.0,0.0,-0.0,NORMAL,-0.0,NORMAL,0.0,NORMAL
Monthly,lexicon,Portugal,2026-07-01,0.0,0.0,-0.01,NORMAL,-0.01,NORMAL,0.0,NORMAL
Monthly,lexicon,Puerto Rico,2026-07-01,0.0,0.0,0.0,NORMAL,0.0,NORMAL,0.0,NORMAL
Monthly,lexicon,Qatar,2026-07-01,0.0,0.0002,-0.32,NORMAL,-0.32,NORMAL,4.37,YELLOW
Monthly,lexicon,Romania,2026-07-01,0.0,0.0,-0.0,NORMAL,-0.0,NORMAL,0.0,NORMAL
Monthly,lexicon,Russia,2026-07-01,0.0,0.0001,-0.44,NORMAL,-0.05,NORMAL,0.0,NORMAL
Monthly,lexicon,Rwanda,2026-07-01,0.0,0.0,-0.0,NORMAL,-0.0,NORMAL,0.0,NORMAL
Monthly,lexicon,Réunion,2026-07-01,0.0,0.0,0.0,NORMAL,0.0,NORMAL,0.0,NORMAL
Monthly,lexicon,Samoa,2026-07-01,0.0,0.0,0.0,NORMAL,0.0,NORMAL,0.0,NORMAL
Monthly,lexicon,San Marino,2026-07-01,0.0,0.0,0.0,NORMAL,0.0,NORMAL,0.0,NORMAL
Monthly,lexicon,Saudi Arabia,2026-07-01,0.0,0.0,-0.12,NORMAL,-0.12,NORMAL,0.0,NORMAL
Monthly,lexicon,Senegal,2026-07-01,0.0,0.0,-0.06,NORMAL,-0.06,NORMAL,0.0,NORMAL
Monthly,lexicon,Serbia,2026-07-01,0.0,0.0,-0.02,NORMAL,-0.02,NORMAL,0.0,NORMAL
Monthly,lexicon,Seychelles,2026-07-01,0.0,0.0,0.0,NORMAL,0.0,NORMAL,0.0,NORMAL
Monthly,lexicon,Sierra Leone,2026-07-01,0.0,0.0,-0.0,NORMAL,-0.0,NORMAL,0.0,NORMAL
Monthly,lexicon,Singapore,2026-07-01,0.0,0.0,-0.02,NORMAL,-0.02,NORMAL,0.0,NORMAL
Monthly,lexicon,Slovakia,2026-07-01,0.0,0.0,-0.0,NORMAL,-0.0,NORMAL,0.0,NORMAL
Monthly,lexicon,Slovenia,2026-07-01,0.0,0.0,-0.0,NORMAL,-0.0,NORMAL,0.0,NORMAL
Monthly,lexicon,Solomon Islands,2026-07-01,0.0,0.0,0.0,NORMAL,0.0,NORMAL,0.0,NORMAL
Monthly,lexicon,Somalia,2026-07-01,0.0,0.0,-0.04,NORMAL,-0.04,NORMAL,0.0,NORMAL
Monthly,lexicon,South Africa,2026-07-01,0.0,0.0,-0.21,NORMAL,-0.21,NORMAL,0.0,NORMAL
Monthly,lexicon,South Korea,2026-07-01,0.0,0.0,0.22,NORMAL,0.12,NORMAL,0.0,NORMAL
Monthly,lexicon,South Sudan,2026-07-01,0.0,0.0,-0.05,NORMAL,-0.05,NORMAL,0.0,NORMAL
Monthly,lexicon,Spain,2026-07-01,0.0,0.0,-0.17,NORMAL,-0.17,NORMAL,0.0,NORMAL
Monthly,lexicon,Sri Lanka,2026-07-01,0.0,0.0,-0.01,NORMAL,-0.01,NORMAL,0.0,NORMAL
Monthly,lexicon,St. Helena,2026-07-01,0.0,0.0,0.0,NORMAL,0.0,NORMAL,0.0,NORMAL
Monthly,lexicon,St. Kitts & Nevis,2026-07-01,0.0,0.0,0.0,NORMAL,0.0,NORMAL,0.0,NORMAL
Monthly,lexicon,St. Lucia,2026-07-01,0.0,0.0,-0.0,NORMAL,-0.0,NORMAL,0.0,NORMAL
Monthly,lexicon,St. Vincent & Grenadines,2026-07-01,0.0,0.0,0.0,NORMAL,0.0,NORMAL,0.0,NORMAL
Monthly,lexicon,Sudan,2026-07-01,0.0,0.0,-0.2,NORMAL,-0.2,NORMAL,0.0,NORMAL
Monthly,lexicon,Suriname,2026-07-01,0.0,0.0,-0.0,NORMAL,-0.0,NORMAL,0.0,NORMAL
Monthly,lexicon,Svalbard & Jan Mayen,2026-07-01,0.0,0.0,0.0,NORMAL,0.0,NORMAL,0.0,NORMAL
Monthly,lexicon,Sweden,2026-07-01,0.0,0.0,-0.0,NORMAL,-0.0,NORMAL,0.0,NORMAL
Monthly,lexicon,Switzerland,2026-07-01,0.0,0.0,-0.03,NORMAL,-0.03,NORMAL,0.0,NORMAL
Monthly,lexicon,Syria,2026-07-01,0.0,0.0,-0.05,NORMAL,-0.05,NORMAL,0.0,NORMAL
Monthly,lexicon,São Tomé & Príncipe,2026-07-01,0.0,0.0,0.0,NORMAL,0.0,NORMAL,0.0,NORMAL
Monthly,lexicon,Taiwan,2026-07-01,0.0,0.0002,-0.57,NORMAL,-0.32,NORMAL,0.0,NORMAL
Monthly,lexicon,Tajikistan,2026-07-01,0.0,0.0,-0.01,NORMAL,-0.01,NORMAL,0.0,NORMAL
Monthly,lexicon,Tanzania,2026-07-01,0.0,0.0,-0.0,NORMAL,-0.0,NORMAL,0.0,NORMAL
Monthly,lexicon,Thailand,2026-07-01,0.0,0.0,-0.61,NORMAL,0.32,NORMAL,0.0,NORMAL
Monthly,lexicon,Timor-Leste,2026-07-01,0.0,0.0,-0.0,NORMAL,-0.0,NORMAL,0.0,NORMAL
Monthly,lexicon,Togo,2026-07-01,0.0,0.0,-0.0,NORMAL,-0.0,NORMAL,0.0,NORMAL
Monthly,lexicon,Tonga,2026-07-01,0.0,0.0,-0.04,NORMAL,-0.04,NORMAL,0.0,NORMAL
Monthly,lexicon,Trinidad & Tobago,2026-07-01,0.0,0.0,-0.0,NORMAL,-0.0,NORMAL,0.0,NORMAL
Monthly,lexicon,Tunisia,2026-07-01,0.0,0.0,-0.0,NORMAL,-0.0,NORMAL,0.0,NORMAL
Monthly,lexicon,Turkey,2026-07-01,0.0,0.0001,-0.36,NORMAL,-0.36,NORMAL,0.0,NORMAL
Monthly,lexicon,Turkmenistan,2026-07-01,0.0,0.0,-0.05,NORMAL,-0.05,NORMAL,0.0,NORMAL
Monthly,lexicon,Tuvalu,2026-07-01,0.0,0.0,0.0,NORMAL,0.0,NORMAL,0.0,NORMAL
Monthly,lexicon,UK,2026-07-01,0.0001,0.0,0.33,NORMAL,0.16,NORMAL,1.58,NORMAL
Monthly,lexicon,US,2026-07-01,0.0,0.0001,-0.43,NORMAL,-0.05,NORMAL,0.0,NORMAL
Monthly,lexicon,Uganda,2026-07-01,0.0,0.0,-0.0,NORMAL,-0.0,NORMAL,0.0,NORMAL
Monthly,lexicon,Ukraine,2026-07-01,0.0,0.0001,1.23,NORMAL,0.58,NORMAL,3.47,YELLOW
Monthly,lexicon,United Arab Emirates,2026-07-01,0.0,0.0,-0.21,NORMAL,-0.21,NORMAL,0.0,NORMAL
Monthly,lexicon,Uruguay,2026-07-01,0.0,0.0,-0.0,NORMAL,-0.0,NORMAL,0.0,NORMAL
Monthly,lexicon,Uzbekistan,2026-07-01,0.0,0.0,-0.01,NORMAL,-0.01,NORMAL,0.0,NORMAL
Monthly,lexicon,Vanuatu,2026-07-01,0.0,0.0,0.0,NORMAL,0.0,NORMAL,0.0,NORMAL
Monthly,lexicon,Vatican City,2026-07-01,0.0,0.0,-0.0,NORMAL,-0.0,NORMAL,0.0,NORMAL
Monthly,lexicon,Venezuela,2026-07-01,0.0,0.0002,-0.07,NORMAL,-0.07,NORMAL,0.0,NORMAL
Monthly,lexicon,Vietnam,2026-07-01,0.0,0.0,-0.8,NORMAL,-0.8,NORMAL,0.0,NORMAL
Monthly,lexicon,Western Sahara,2026-07-01,0.0,0.0,0.0,NORMAL,0.0,NORMAL,0.0,NORMAL
Monthly,lexicon,Yemen,2026-07-01,0.0,0.0,-0.05,NORMAL,-0.05,NORMAL,0.0,NORMAL
Monthly,lexicon,Zambia,2026-07-01,0.0,0.0,-0.02,NORMAL,-0.02,NORMAL,0.0,NORMAL
Monthly,lexicon,Zimbabwe,2026-07-01,0.0,0.0,-0.0,NORMAL,-0.0,NORMAL,0.0,NORMAL
Monthly,lss,Afghanistan,2026-07-01,0.0,-0.0792,0.23,NORMAL,0.24,NORMAL,0.21,NORMAL
Monthly,lss,Albania,2026-07-01,0.0,-0.1549,0.34,NORMAL,0.34,NORMAL,0.47,NORMAL
Monthly,lss,Algeria,2026-07-01,0.0,-0.2433,0.41,NORMAL,0.39,NORMAL,1.01,NORMAL
Monthly,lss,American Samoa,2026-07-01,0.0,-0.0018,0.03,NORMAL,0.03,NORMAL,0.0,NORMAL
Monthly,lss,Andorra,2026-07-01,0.0,-0.0346,0.14,NORMAL,0.14,NORMAL,0.0,NORMAL
Monthly,lss,Angola,2026-07-01,0.0,-0.1297,0.27,NORMAL,0.26,NORMAL,0.0,NORMAL
Monthly,lss,Antarctica,2026-07-01,0.0,-0.0117,0.33,NORMAL,0.33,NORMAL,0.0,NORMAL
Monthly,lss,Antigua & Barbuda,2026-07-01,0.0,-0.0655,0.34,NORMAL,0.34,NORMAL,0.0,NORMAL
Monthly,lss,Argentina,2026-07-01,-0.0182,-0.3195,0.66,NORMAL,0.65,NORMAL,3.22,YELLOW
Monthly,lss,Armenia,2026-07-01,0.0,-0.0967,0.2,NORMAL,0.2,NORMAL,0.0,NORMAL
Monthly,lss,Aruba,2026-07-01,0.0,-0.0,0.0,NORMAL,0.0,NORMAL,0.0,NORMAL
Monthly,lss,Australia,2026-07-01,0.0101,-0.2713,0.5,NORMAL,0.49,NORMAL,4.04,YELLOW
Monthly,lss,Austria,2026-07-01,0.0,-0.3588,0.52,NORMAL,0.52,NORMAL,3.12,YELLOW
Monthly,lss,Azerbaijan,2026-07-01,0.0,-0.1934,0.57,NORMAL,0.57,NORMAL,2.18,NORMAL
Monthly,lss,Bahamas,2026-07-01,0.0,-0.0405,0.21,NORMAL,0.21,NORMAL,0.0,NORMAL
Monthly,lss,Bahrain,2026-07-01,0.0,-0.127,0.44,NORMAL,0.47,NORMAL,2.19,NORMAL
Monthly,lss,Bangladesh,2026-07-01,-0.0279,-0.2915,0.55,NORMAL,0.55,NORMAL,2.0,NORMAL
Monthly,lss,Barbados,2026-07-01,0.0,-0.0626,0.3,NORMAL,0.3,NORMAL,0.0,NORMAL
Monthly,lss,Belarus,2026-07-01,-0.0203,-0.283,0.71,NORMAL,0.71,NORMAL,5.63,RED
Monthly,lss,Belgium,2026-07-01,0.0031,-0.3559,0.38,NORMAL,0.38,NORMAL,1.38,NORMAL
Monthly,lss,Belize,2026-07-01,0.0,0.0107,-0.06,NORMAL,-0.06,NORMAL,0.0,NORMAL
Monthly,lss,Benin,2026-07-01,0.0,-0.1946,0.36,NORMAL,0.36,NORMAL,0.3,NORMAL
Monthly,lss,Bermuda,2026-07-01,0.0,-0.0006,0.01,NORMAL,0.01,NORMAL,0.0,NORMAL
Monthly,lss,Bhutan,2026-07-01,0.0,-0.0214,0.11,NORMAL,0.11,NORMAL,0.0,NORMAL
Monthly,lss,Bolivia,2026-07-01,0.0,-0.1207,0.37,NORMAL,0.37,NORMAL,0.53,NORMAL
Monthly,lss,Bosnia & Herzegovina,2026-07-01,-0.0294,-0.1398,0.26,NORMAL,0.28,NORMAL,0.0,NORMAL
Monthly,lss,Botswana,2026-07-01,0.0,-0.2028,0.33,NORMAL,0.32,NORMAL,0.22,NORMAL
Monthly,lss,Brazil,2026-07-01,-0.0196,-0.2222,0.4,NORMAL,0.39,NORMAL,4.27,YELLOW
Monthly,lss,British Virgin Islands,2026-07-01,0.0,0.0,-0.0,NORMAL,-0.0,NORMAL,0.0,NORMAL
Monthly,lss,Brunei,2026-07-01,0.0,-0.212,0.55,NORMAL,0.57,NORMAL,1.73,NORMAL
Monthly,lss,Bulgaria,2026-07-01,0.0,-0.2818,0.41,NORMAL,0.39,NORMAL,0.49,NORMAL
Monthly,lss,Burkina Faso,2026-07-01,0.0,-0.0633,0.18,NORMAL,0.18,NORMAL,0.0,NORMAL
Monthly,lss,Burundi,2026-07-01,-0.0152,-0.1629,0.31,NORMAL,0.32,NORMAL,0.15,NORMAL
Monthly,lss,Cambodia,2026-07-01,-0.0117,-0.3387,0.71,NORMAL,0.71,NORMAL,6.7,RED
Monthly,lss,Cameroon,2026-07-01,-0.0002,-0.2357,0.51,NORMAL,0.5,NORMAL,2.42,NORMAL
Monthly,lss,Canada,2026-07-01,-0.0001,-0.1492,0.21,NORMAL,0.21,NORMAL,0.0,NORMAL
Monthly,lss,Cape Verde,2026-07-01,-0.0271,-0.0291,0.0,NORMAL,0.02,NORMAL,0.0,NORMAL
Monthly,lss,Cayman Islands,2026-07-01,0.0,0.0,-0.0,NORMAL,-0.0,NORMAL,0.0,NORMAL
Monthly,lss,Central African Republic,2026-07-01,0.0,-0.0449,0.19,NORMAL,0.19,NORMAL,0.0,NORMAL
Monthly,lss,Chad,2026-07-01,0.0,-0.0607,0.09,NORMAL,0.1,NORMAL,0.0,NORMAL
Monthly,lss,Chile,2026-07-01,-0.0246,-0.2815,0.57,NORMAL,0.59,NORMAL,2.97,NORMAL
Monthly,lss,China,2026-07-01,0.0,0.0482,-0.07,NORMAL,-0.08,NORMAL,0.0,NORMAL
Monthly,lss,Colombia,2026-07-01,-0.0374,-0.2499,0.47,NORMAL,0.47,NORMAL,2.08,NORMAL
Monthly,lss,Comoros,2026-07-01,0.0,-0.1193,0.22,NORMAL,0.22,NORMAL,0.0,NORMAL
Monthly,lss,Congo - Brazzaville,2026-07-01,0.0,-0.1441,0.33,NORMAL,0.33,NORMAL,0.83,NORMAL
Monthly,lss,Congo - Kinshasa,2026-07-01,-0.0056,-0.1142,0.25,NORMAL,0.24,NORMAL,1.62,NORMAL
Monthly,lss,Cook Islands,2026-07-01,0.0,-0.0507,0.28,NORMAL,0.28,NORMAL,0.0,NORMAL
Monthly,lss,Costa Rica,2026-07-01,0.0,-0.065,0.09,NORMAL,0.1,NORMAL,0.0,NORMAL
Monthly,lss,Croatia,2026-07-01,0.0,-0.2117,0.26,NORMAL,0.25,NORMAL,0.06,NORMAL
Monthly,lss,Cuba,2026-07-01,-0.004,-0.1954,0.42,NORMAL,0.4,NORMAL,0.72,NORMAL
Monthly,lss,Curaçao,2026-07-01,0.0,-0.0,0.0,NORMAL,0.0,NORMAL,0.0,NORMAL
Monthly,lss,Cyprus,2026-07-01,0.0072,-0.0986,0.42,NORMAL,0.38,NORMAL,0.02,NORMAL
Monthly,lss,Czechia,2026-07-01,-0.0192,-0.1972,0.36,NORMAL,0.38,NORMAL,0.67,NORMAL
Monthly,lss,Côte d’Ivoire,2026-07-01,-0.0238,-0.2363,0.59,NORMAL,0.6,NORMAL,3.91,YELLOW
Monthly,lss,Denmark,2026-07-01,0.002,-0.2886,0.59,NORMAL,0.59,NORMAL,3.54,YELLOW
Monthly,lss,Djibouti,2026-07-01,-0.0207,-0.3597,0.45,NORMAL,0.45,NORMAL,5.3,RED
Monthly,lss,Dominica,2026-07-01,-0.0042,-0.1121,0.39,NORMAL,0.4,NORMAL,0.0,NORMAL
Monthly,lss,Dominican Republic,2026-07-01,0.0,-0.0495,0.07,NORMAL,0.08,NORMAL,0.0,NORMAL
Monthly,lss,Ecuador,2026-07-01,-0.0056,-0.2501,0.48,NORMAL,0.48,NORMAL,2.73,NORMAL
Monthly,lss,Egypt,2026-07-01,-0.0035,-0.3071,0.67,NORMAL,0.67,NORMAL,5.0,RED
Monthly,lss,El Salvador,2026-07-01,0.0,-0.0081,0.02,NORMAL,0.02,NORMAL,0.0,NORMAL
Monthly,lss,Equatorial Guinea,2026-07-01,0.0,-0.1216,0.29,NORMAL,0.3,NORMAL,0.0,NORMAL
Monthly,lss,Eritrea,2026-07-01,0.0,-0.1114,0.19,NORMAL,0.2,NORMAL,0.03,NORMAL
Monthly,lss,Estonia,2026-07-01,0.0,-0.031,0.09,NORMAL,0.1,NORMAL,0.0,NORMAL
Monthly,lss,Eswatini,2026-07-01,0.0,0.0197,0.03,NORMAL,0.05,NORMAL,0.0,NORMAL
Monthly,lss,Ethiopia,2026-07-01,-0.0274,-0.2188,0.5,NORMAL,0.51,NORMAL,4.46,YELLOW
Monthly,lss,Faroe Islands,2026-07-01,0.0,-0.0021,0.24,NORMAL,0.24,NORMAL,0.0,NORMAL
Monthly,lss,Fiji,2026-07-01,0.0,-0.1455,0.15,NORMAL,0.14,NORMAL,0.0,NORMAL
Monthly,lss,Finland,2026-07-01,-0.0083,-0.163,0.29,NORMAL,0.29,NORMAL,0.0,NORMAL
Monthly,lss,France,2026-07-01,-0.0075,-0.4534,0.79,NORMAL,0.79,NORMAL,10.84,RED
Monthly,lss,French Polynesia,2026-07-01,0.0,0.0,-0.0,NORMAL,-0.0,NORMAL,0.0,NORMAL
Monthly,lss,Gabon,2026-07-01,0.0,-0.1415,0.37,NORMAL,0.35,NORMAL,0.36,NORMAL
Monthly,lss,Gambia,2026-07-01,-0.0228,-0.2759,0.33,NORMAL,0.32,NORMAL,0.38,NORMAL
Monthly,lss,Georgia,2026-07-01,0.0,-0.184,0.43,NORMAL,0.45,NORMAL,1.29,NORMAL
Monthly,lss,Germany,2026-07-01,-0.009,-0.3494,0.87,NORMAL,0.87,NORMAL,8.4,RED
Monthly,lss,Ghana,2026-07-01,0.0,-0.2687,0.47,NORMAL,0.47,NORMAL,1.91,NORMAL
Monthly,lss,Gibraltar,2026-07-01,0.0,-0.0006,0.01,NORMAL,0.01,NORMAL,0.0,NORMAL
Monthly,lss,Greece,2026-07-01,-0.0177,-0.4857,0.66,NORMAL,0.65,NORMAL,3.81,YELLOW
Monthly,lss,Greenland,2026-07-01,0.0,0.021,-0.11,NORMAL,-0.13,NORMAL,0.0,NORMAL
Monthly,lss,Grenada,2026-07-01,0.0,-0.0698,0.18,NORMAL,0.18,NORMAL,0.6,NORMAL
Monthly,lss,Guadeloupe,2026-07-01,0.0,0.0,-0.0,NORMAL,-0.0,NORMAL,0.0,NORMAL
Monthly,lss,Guam,2026-07-01,0.0,0.0042,-0.07,NORMAL,-0.07,NORMAL,0.0,NORMAL
Monthly,lss,Guatemala,2026-07-01,0.0,0.026,-0.05,NORMAL,-0.05,NORMAL,0.0,NORMAL
Monthly,lss,Guinea,2026-07-01,-0.0353,-0.2626,0.33,NORMAL,0.33,NORMAL,0.84,NORMAL
Monthly,lss,Guinea-Bissau,2026-07-01,0.0,-0.0691,0.28,NORMAL,0.29,NORMAL,0.0,NORMAL
Monthly,lss,Guyana,2026-07-01,0.0,-0.1753,0.4,NORMAL,0.37,NORMAL,0.01,NORMAL
Monthly,lss,Haiti,2026-07-01,-0.0164,0.0322,-0.21,NORMAL,-0.2,NORMAL,0.0,NORMAL
Monthly,lss,Honduras,2026-07-01,0.0,-0.111,0.38,NORMAL,0.38,NORMAL,2.52,NORMAL
Monthly,lss,Hungary,2026-07-01,-0.0216,-0.3981,0.83,NORMAL,0.84,NORMAL,6.91,RED
Monthly,lss,Iceland,2026-07-01,0.0,-0.0895,0.3,NORMAL,0.3,NORMAL,0.0,NORMAL
Monthly,lss,India,2026-07-01,0.0303,-0.1101,0.35,NORMAL,0.35,NORMAL,0.06,NORMAL
Monthly,lss,Indonesia,2026-07-01,-0.0142,-0.3112,0.77,NORMAL,0.76,NORMAL,6.61,RED
Monthly,lss,Iran,2026-07-01,0.0101,-0.0864,0.18,NORMAL,0.19,NORMAL,0.0,NORMAL
Monthly,lss,Iraq,2026-07-01,-0.0196,-0.2986,0.47,NORMAL,0.48,NORMAL,3.36,YELLOW
Monthly,lss,Ireland,2026-07-01,0.0,-0.1648,0.27,NORMAL,0.27,NORMAL,0.0,NORMAL
Monthly,lss,Israel,2026-07-01,0.0129,0.331,-0.37,NORMAL,-0.37,NORMAL,0.0,NORMAL
Monthly,lss,Italy,2026-07-01,-0.0065,-0.4641,0.75,NORMAL,0.75,NORMAL,6.85,RED
Monthly,lss,Jamaica,2026-07-01,0.0,-0.1429,0.22,NORMAL,0.23,NORMAL,2.46,NORMAL
Monthly,lss,Japan,2026-07-01,0.011,-0.1884,0.36,NORMAL,0.37,NORMAL,4.41,YELLOW
Monthly,lss,Jordan,2026-07-01,-0.0294,-0.1711,0.14,NORMAL,0.15,NORMAL,0.0,NORMAL
Monthly,lss,Kazakhstan,2026-07-01,-0.0209,-0.4396,0.89,NORMAL,0.89,NORMAL,6.98,RED
Monthly,lss,Kenya,2026-07-01,-0.0174,-0.2598,0.62,NORMAL,0.62,NORMAL,6.01,RED
Monthly,lss,Kiribati,2026-07-01,0.0,-0.1087,0.2,NORMAL,0.2,NORMAL,0.0,NORMAL
Monthly,lss,Kuwait,2026-07-01,0.0,-0.2949,0.72,NORMAL,0.71,NORMAL,4.37,YELLOW
Monthly,lss,Kyrgyzstan,2026-07-01,-0.0165,-0.3752,0.74,NORMAL,0.75,NORMAL,6.22,RED
Monthly,lss,Laos,2026-07-01,-0.0118,-0.3194,0.87,NORMAL,0.85,NORMAL,9.34,RED
Monthly,lss,Latvia,2026-07-01,-0.0166,-0.1076,0.2,NORMAL,0.19,NORMAL,0.0,NORMAL
Monthly,lss,Lebanon,2026-07-01,-0.0122,-0.0974,0.17,NORMAL,0.18,NORMAL,0.0,NORMAL
Monthly,lss,Lesotho,2026-07-01,-0.0042,-0.0519,0.09,NORMAL,0.09,NORMAL,0.0,NORMAL
Monthly,lss,Liberia,2026-07-01,0.0,-0.0421,0.12,NORMAL,0.12,NORMAL,0.0,NORMAL
Monthly,lss,Libya,2026-07-01,0.0,0.0149,-0.36,NORMAL,-0.33,NORMAL,0.0,NORMAL
Monthly,lss,Liechtenstein,2026-07-01,0.0,-0.1065,0.19,NORMAL,0.19,NORMAL,0.0,NORMAL
Monthly,lss,Lithuania,2026-07-01,0.0,0.0115,-0.01,NORMAL,-0.01,NORMAL,0.0,NORMAL
Monthly,lss,Luxembourg,2026-07-01,0.0,-0.1783,0.32,NORMAL,0.32,NORMAL,0.66,NORMAL
Monthly,lss,Madagascar,2026-07-01,-0.0317,-0.2617,0.44,NORMAL,0.45,NORMAL,5.39,RED
Monthly,lss,Malawi,2026-07-01,-0.0407,-0.0503,0.05,NORMAL,0.04,NORMAL,0.0,NORMAL
Monthly,lss,Malaysia,2026-07-01,-0.0114,-0.3305,0.81,NORMAL,0.82,NORMAL,6.96,RED
Monthly,lss,Maldives,2026-07-01,-0.0254,-0.408,0.56,NORMAL,0.56,NORMAL,3.94,YELLOW
Monthly,lss,Mali,2026-07-01,0.0,-0.0692,0.25,NORMAL,0.25,NORMAL,0.0,NORMAL
Monthly,lss,Malta,2026-07-01,0.0,-0.1361,0.27,NORMAL,0.27,NORMAL,3.07,YELLOW
Monthly,lss,Marshall Islands,2026-07-01,-0.0059,0.0128,-0.08,NORMAL,-0.07,NORMAL,0.0,NORMAL
Monthly,lss,Martinique,2026-07-01,0.0,-0.0,0.0,NORMAL,0.0,NORMAL,0.0,NORMAL
Monthly,lss,Mauritania,2026-07-01,0.0,-0.2128,0.45,NORMAL,0.46,NORMAL,0.95,NORMAL
Monthly,lss,Mauritius,2026-07-01,0.0,-0.1182,0.18,NORMAL,0.18,NORMAL,0.0,NORMAL
Monthly,lss,Mexico,2026-07-01,-0.0154,-0.2904,0.41,NORMAL,0.42,NORMAL,2.29,NORMAL
Monthly,lss,Micronesia (Federated States of),2026-07-01,0.0,-0.078,0.22,NORMAL,0.22,NORMAL,0.0,NORMAL
Monthly,lss,Moldova,2026-07-01,0.0,-0.0699,0.13,NORMAL,0.13,NORMAL,0.0,NORMAL
Monthly,lss,Monaco,2026-07-01,0.0,-0.0301,0.16,NORMAL,0.16,NORMAL,0.0,NORMAL
Monthly,lss,Mongolia,2026-07-01,-0.0154,-0.3222,0.75,NORMAL,0.75,NORMAL,5.38,RED
Monthly,lss,Montenegro,2026-07-01,-0.041,-0.0495,0.44,NORMAL,0.56,NORMAL,0.0,NORMAL
Monthly,lss,Morocco,2026-07-01,-0.0155,-0.4007,0.51,NORMAL,0.52,NORMAL,2.89,NORMAL
Monthly,lss,Mozambique,2026-07-01,-0.0436,-0.2065,0.25,NORMAL,0.26,NORMAL,0.0,NORMAL
Monthly,lss,Myanmar (Burma),2026-07-01,0.0,-0.0449,0.08,NORMAL,0.08,NORMAL,0.0,NORMAL
Monthly,lss,Namibia,2026-07-01,-0.0213,-0.2712,0.48,NORMAL,0.49,NORMAL,1.44,NORMAL
Monthly,lss,Nauru,2026-07-01,0.0,-0.0013,0.02,NORMAL,0.01,NORMAL,0.0,NORMAL
Monthly,lss,Nepal,2026-07-01,0.0,-0.3407,0.61,NORMAL,0.61,NORMAL,3.19,YELLOW
Monthly,lss,Netherlands,2026-07-01,-0.0165,-0.3348,0.67,NORMAL,0.67,NORMAL,4.78,YELLOW
Monthly,lss,New Caledonia,2026-07-01,0.0,-0.0,0.0,NORMAL,0.0,NORMAL,0.0,NORMAL
Monthly,lss,New Zealand,2026-07-01,-0.0214,-0.4807,0.56,NORMAL,0.55,NORMAL,3.33,YELLOW
Monthly,lss,Nicaragua,2026-07-01,0.0,-0.0631,0.2,NORMAL,0.2,NORMAL,0.0,NORMAL
Monthly,lss,Niger,2026-07-01,0.0,-0.0379,0.11,NORMAL,0.11,NORMAL,0.0,NORMAL
Monthly,lss,Nigeria,2026-07-01,-0.0054,-0.2252,0.52,NORMAL,0.51,NORMAL,1.66,NORMAL
Monthly,lss,Niue,2026-07-01,0.0,-0.0105,0.12,NORMAL,0.12,NORMAL,0.0,NORMAL
Monthly,lss,North Korea,2026-07-01,-0.0287,-0.4797,0.55,NORMAL,0.56,NORMAL,5.16,RED
Monthly,lss,North Macedonia,2026-07-01,0.0,-0.1147,0.19,NORMAL,0.18,NORMAL,0.0,NORMAL
Monthly,lss,Northern Mariana Islands,2026-07-01,0.0,0.0,-0.0,NORMAL,-0.0,NORMAL,0.0,NORMAL
Monthly,lss,Norway,2026-07-01,-0.0186,-0.1094,0.34,NORMAL,0.35,NORMAL,2.76,NORMAL
Monthly,lss,Oman,2026-07-01,-0.0042,-0.1098,0.15,NORMAL,0.17,NORMAL,0.0,NORMAL
Monthly,lss,Pakistan,2026-07-01,-0.0139,-0.2514,0.62,NORMAL,0.63,NORMAL,3.93,YELLOW
Monthly,lss,Palau,2026-07-01,0.0,0.0016,-0.01,NORMAL,-0.01,NORMAL,0.0,NORMAL
Monthly,lss,Palestinian Territories,2026-07-01,-0.0038,0.2113,-0.39,NORMAL,-0.4,NORMAL,0.0,NORMAL
Monthly,lss,Panama,2026-07-01,0.0072,-0.2433,0.41,NORMAL,0.39,NORMAL,1.1,NORMAL
Monthly,lss,Papua New Guinea,2026-07-01,0.0572,-0.2412,0.53,NORMAL,0.51,NORMAL,0.76,NORMAL
Monthly,lss,Paraguay,2026-07-01,0.0,-0.0167,0.18,NORMAL,0.18,NORMAL,0.0,NORMAL
Monthly,lss,Peru,2026-07-01,-0.0232,-0.3984,0.85,NORMAL,0.84,NORMAL,8.1,RED
Monthly,lss,Philippines,2026-07-01,0.0381,0.2659,-0.23,NORMAL,-0.24,NORMAL,0.0,NORMAL
Monthly,lss,Poland,2026-07-01,-0.0172,-0.3236,0.62,NORMAL,0.61,NORMAL,4.97,YELLOW
Monthly,lss,Portugal,2026-07-01,-0.0291,-0.3131,0.64,NORMAL,0.64,NORMAL,3.66,YELLOW
Monthly,lss,Puerto Rico,2026-07-01,0.0,-0.0223,0.37,NORMAL,0.37,NORMAL,0.0,NORMAL
Monthly,lss,Qatar,2026-07-01,-0.0122,-0.2419,0.55,NORMAL,0.59,NORMAL,3.16,YELLOW
Monthly,lss,Romania,2026-07-01,-0.0105,-0.2995,0.4,NORMAL,0.39,NORMAL,3.59,YELLOW
Monthly,lss,Russia,2026-07-01,-0.0008,-0.2672,0.58,NORMAL,0.59,NORMAL,3.87,YELLOW
Monthly,lss,Rwanda,2026-07-01,-0.0216,-0.2421,0.71,NORMAL,0.69,NORMAL,3.56,YELLOW
Monthly,lss,Réunion,2026-07-01,0.0,-0.0,0.0,NORMAL,0.0,NORMAL,0.0,NORMAL
Monthly,lss,Samoa,2026-07-01,0.0,-0.0773,0.13,NORMAL,0.13,NORMAL,0.0,NORMAL
Monthly,lss,San Marino,2026-07-01,0.0,-0.0231,0.16,NORMAL,0.14,NORMAL,0.0,NORMAL
Monthly,lss,Saudi Arabia,2026-07-01,-0.0139,-0.255,0.63,NORMAL,0.64,NORMAL,5.44,RED
Monthly,lss,Senegal,2026-07-01,-0.0103,-0.1413,0.31,NORMAL,0.32,NORMAL,0.0,NORMAL
Monthly,lss,Serbia,2026-07-01,-0.0075,-0.3345,0.87,NORMAL,0.87,NORMAL,6.65,RED
Monthly,lss,Seychelles,2026-07-01,-0.0351,-0.2081,0.33,NORMAL,0.33,NORMAL,1.13,NORMAL
Monthly,lss,Sierra Leone,2026-07-01,0.0,-0.2008,0.36,NORMAL,0.36,NORMAL,0.0,NORMAL
Monthly,lss,Singapore,2026-07-01,0.0,-0.3116,0.8,NORMAL,0.78,NORMAL,7.51,RED
Monthly,lss,Slovakia,2026-07-01,-0.0038,-0.1631,0.27,NORMAL,0.28,NORMAL,0.0,NORMAL
Monthly,lss,Slovenia,2026-07-01,0.0,-0.0458,0.06,NORMAL,0.06,NORMAL,0.0,NORMAL
Monthly,lss,Solomon Islands,2026-07-01,0.0059,-0.1066,0.4,NORMAL,0.39,NORMAL,0.1,NORMAL
Monthly,lss,Somalia,2026-07-01,0.0,-0.0642,0.17,NORMAL,0.17,NORMAL,0.0,NORMAL
Monthly,lss,South Africa,2026-07-01,-0.0215,-0.2104,0.57,NORMAL,0.57,NORMAL,7.76,RED
Monthly,lss,South Korea,2026-07-01,-0.006,-0.2769,0.7,NORMAL,0.7,NORMAL,5.88,RED
Monthly,lss,South Sudan,2026-07-01,0.0,-0.1847,0.25,NORMAL,0.25,NORMAL,0.0,NORMAL
Monthly,lss,Spain,2026-07-01,-0.0094,-0.3404,0.7,NORMAL,0.7,NORMAL,5.82,RED
Monthly,lss,Sri Lanka,2026-07-01,-0.0267,-0.3887,0.63,NORMAL,0.63,NORMAL,3.77,YELLOW
Monthly,lss,St. Helena,2026-07-01,0.0,0.0,-0.0,NORMAL,-0.0,NORMAL,0.0,NORMAL
Monthly,lss,St. Kitts & Nevis,2026-07-01,0.0,-0.0,0.0,NORMAL,0.0,NORMAL,0.0,NORMAL
Monthly,lss,St. Lucia,2026-07-01,0.0,0.0,-0.0,NORMAL,-0.0,NORMAL,0.0,NORMAL
Monthly,lss,St. Vincent & Grenadines,2026-07-01,0.0,0.0,-0.0,NORMAL,-0.0,NORMAL,0.0,NORMAL
Monthly,lss,Sudan,2026-07-01,0.0,0.0278,-0.03,NORMAL,-0.03,NORMAL,0.0,NORMAL
Monthly,lss,Suriname,2026-07-01,0.0,-0.072,0.12,NORMAL,0.14,NORMAL,0.0,NORMAL
Monthly,lss,Svalbard & Jan Mayen,2026-07-01,0.0,-0.0,0.0,NORMAL,0.0,NORMAL,0.0,NORMAL
Monthly,lss,Sweden,2026-07-01,-0.0079,-0.3114,0.46,NORMAL,0.47,NORMAL,2.2,NORMAL
Monthly,lss,Switzerland,2026-07-01,-0.0285,-0.2009,0.51,NORMAL,0.51,NORMAL,3.6,YELLOW
Monthly,lss,Syria,2026-07-01,-0.0446,0.0238,-0.02,NORMAL,-0.03,NORMAL,0.0,NORMAL
Monthly,lss,São Tomé & Príncipe,2026-07-01,0.0,-0.0384,0.23,NORMAL,0.23,NORMAL,0.0,NORMAL
Monthly,lss,Taiwan,2026-07-01,-0.0134,0.0881,-0.15,NORMAL,-0.15,NORMAL,0.0,NORMAL
Monthly,lss,Tajikistan,2026-07-01,-0.0206,-0.3441,0.76,NORMAL,0.76,NORMAL,5.63,RED
Monthly,lss,Tanzania,2026-07-01,-0.033,-0.3822,0.75,NORMAL,0.75,NORMAL,6.2,RED
Monthly,lss,Thailand,2026-07-01,-0.0129,-0.3541,0.84,NORMAL,0.84,NORMAL,7.54,RED
Monthly,lss,Timor-Leste,2026-07-01,0.0,-0.146,0.47,NORMAL,0.47,NORMAL,0.46,NORMAL
Monthly,lss,Togo,2026-07-01,0.0,-0.1008,0.21,NORMAL,0.21,NORMAL,0.0,NORMAL
Monthly,lss,Tonga,2026-07-01,0.0,-0.0738,0.21,NORMAL,0.22,NORMAL,0.0,NORMAL
Monthly,lss,Trinidad & Tobago,2026-07-01,0.0,-0.0841,0.22,NORMAL,0.22,NORMAL,0.0,NORMAL
Monthly,lss,Tunisia,2026-07-01,-0.0074,-0.2872,0.47,NORMAL,0.47,NORMAL,3.6,YELLOW
Monthly,lss,Turkey,2026-07-01,-0.0199,-0.2964,0.59,NORMAL,0.61,NORMAL,3.09,YELLOW
Monthly,lss,Turkmenistan,2026-07-01,-0.0206,-0.4038,0.67,NORMAL,0.66,NORMAL,4.04,YELLOW
Monthly,lss,Tuvalu,2026-07-01,0.0,-0.0,0.0,NORMAL,0.0,NORMAL,0.0,NORMAL
Monthly,lss,UK,2026-07-01,0.0029,-0.3405,0.61,NORMAL,0.6,NORMAL,6.07,RED
Monthly,lss,US,2026-07-01,0.0008,-0.0336,0.06,NORMAL,0.07,NORMAL,0.0,NORMAL
Monthly,lss,Uganda,2026-07-01,-0.0097,-0.213,0.57,NORMAL,0.55,NORMAL,2.74,NORMAL
Monthly,lss,Ukraine,2026-07-01,0.0138,-0.0416,0.08,NORMAL,0.07,NORMAL,0.0,NORMAL
Monthly,lss,United Arab Emirates,2026-07-01,-0.0231,-0.4114,0.77,NORMAL,0.78,NORMAL,7.38,RED
Monthly,lss,Uruguay,2026-07-01,0.0,-0.1907,0.32,NORMAL,0.33,NORMAL,0.0,NORMAL
Monthly,lss,Uzbekistan,2026-07-01,-0.0275,-0.4019,0.94,NORMAL,0.94,NORMAL,9.02,RED
Monthly,lss,Vanuatu,2026-07-01,0.0,-0.0954,0.31,NORMAL,0.31,NORMAL,0.0,NORMAL
Monthly,lss,Vatican City,2026-07-01,0.0,-0.0002,0.0,NORMAL,0.0,NORMAL,0.0,NORMAL
Monthly,lss,Venezuela,2026-07-01,0.0118,-0.0842,0.13,NORMAL,0.12,NORMAL,0.0,NORMAL
Monthly,lss,Vietnam,2026-07-01,-0.0103,-0.3692,0.9,NORMAL,0.9,NORMAL,8.96,RED
Monthly,lss,Western Sahara,2026-07-01,0.0,-0.0,0.0,NORMAL,0.0,NORMAL,0.0,NORMAL
Monthly,lss,Yemen,2026-07-01,0.0,-0.0802,0.12,NORMAL,0.13,NORMAL,0.0,NORMAL
Monthly,lss,Zambia,2026-07-01,-0.0257,-0.2493,0.42,NORMAL,0.41,NORMAL,0.82,NORMAL
Monthly,lss,Zimbabwe,2026-07-01,-0.0141,-0.2711,0.3,NORMAL,0.3,NORMAL,0.0,NORMAL
Monthly,negativity,Afghanistan,2026-07-01,0.0,0.1411,-0.85,NORMAL,0.05,NORMAL,1.48,NORMAL
Monthly,negativity,Albania,2026-07-01,0.0,0.0139,0.57,NORMAL,0.18,NORMAL,0.22,NORMAL
Monthly,negativity,Algeria,2026-07-01,0.0,0.0371,-0.96,NORMAL,-0.7,NORMAL,0.0,NORMAL
Monthly,negativity,American Samoa,2026-07-01,0.0,0.0,-0.03,NORMAL,-0.03,NORMAL,0.0,NORMAL
Monthly,negativity,Andorra,2026-07-01,0.0,0.0001,-0.01,NORMAL,-0.01,NORMAL,0.0,NORMAL
Monthly,negativity,Angola,2026-07-01,0.0,0.0308,-0.44,NORMAL,-0.3,NORMAL,0.0,NORMAL
Monthly,negativity,Antarctica,2026-07-01,0.0,0.0127,-0.21,NORMAL,-0.21,NORMAL,0.0,NORMAL
Monthly,negativity,Antigua & Barbuda,2026-07-01,0.0,0.0336,-0.33,NORMAL,-0.33,NORMAL,2.04,NORMAL
Monthly,negativity,Argentina,2026-07-01,0.125,0.0955,1.19,NORMAL,0.58,NORMAL,5.58,RED
Monthly,negativity,Armenia,2026-07-01,0.0,0.0079,-0.23,NORMAL,-0.23,NORMAL,0.0,NORMAL
Monthly,negativity,Aruba,2026-07-01,0.0,0.0,-0.0,NORMAL,-0.0,NORMAL,0.0,NORMAL
Monthly,negativity,Australia,2026-07-01,0.44,0.1807,1.22,NORMAL,0.59,NORMAL,5.65,RED
Monthly,negativity,Austria,2026-07-01,0.0,0.055,1.47,NORMAL,0.79,NORMAL,4.67,YELLOW
Monthly,negativity,Azerbaijan,2026-07-01,0.0,0.0582,0.02,NORMAL,0.6,NORMAL,1.4,NORMAL
Monthly,negativity,Bahamas,2026-07-01,0.0,0.0049,-0.24,NORMAL,-0.24,NORMAL,0.0,NORMAL
Monthly,negativity,Bahrain,2026-07-01,0.0,0.0921,0.54,NORMAL,1.08,NORMAL,6.51,RED
Monthly,negativity,Bangladesh,2026-07-01,0.05,0.0715,0.05,NORMAL,0.78,NORMAL,4.08,YELLOW
Monthly,negativity,Barbados,2026-07-01,0.0,0.0029,-0.28,NORMAL,-0.28,NORMAL,0.0,NORMAL
Monthly,negativity,Belarus,2026-07-01,0.0667,0.0598,0.47,NORMAL,0.63,NORMAL,2.28,NORMAL
Monthly,negativity,Belgium,2026-07-01,0.3,0.0945,0.25,NORMAL,0.56,NORMAL,4.87,YELLOW
Monthly,negativity,Belize,2026-07-01,0.0,0.0024,-0.05,NORMAL,-0.05,NORMAL,0.0,NORMAL
Monthly,negativity,Benin,2026-07-01,0.0,0.0514,-0.21,NORMAL,-0.25,NORMAL,0.0,NORMAL
Monthly,negativity,Bermuda,2026-07-01,0.0,0.0001,-0.0,NORMAL,-0.0,NORMAL,0.0,NORMAL
Monthly,negativity,Bhutan,2026-07-01,0.0,0.0004,-0.0,NORMAL,-0.0,NORMAL,0.0,NORMAL
Monthly,negativity,Bolivia,2026-07-01,0.0,0.0127,-0.64,NORMAL,-0.64,NORMAL,0.0,NORMAL
Monthly,negativity,Bosnia & Herzegovina,2026-07-01,0.1,0.0116,0.77,NORMAL,0.3,NORMAL,2.75,NORMAL
Monthly,negativity,Botswana,2026-07-01,0.0,0.0112,-0.39,NORMAL,0.31,NORMAL,0.0,NORMAL
Monthly,negativity,Brazil,2026-07-01,0.1269,0.0995,0.81,NORMAL,0.11,NORMAL,1.5,NORMAL
Monthly,negativity,British Virgin Islands,2026-07-01,0.0,0.0,-0.0,NORMAL,-0.0,NORMAL,0.0,NORMAL
Monthly,negativity,Brunei,2026-07-01,0.0,0.0504,-0.43,NORMAL,0.47,NORMAL,1.12,NORMAL
Monthly,negativity,Bulgaria,2026-07-01,0.0,0.0239,-0.13,NORMAL,-0.07,NORMAL,0.0,NORMAL
Monthly,negativity,Burkina Faso,2026-07-01,0.0,0.0067,-0.26,NORMAL,-0.26,NORMAL,0.0,NORMAL
Monthly,negativity,Burundi,2026-07-01,0.1,0.054,0.11,NORMAL,0.73,NORMAL,1.53,NORMAL
Monthly,negativity,Cambodia,2026-07-01,0.055,0.0925,-0.08,NORMAL,0.03,NORMAL,11.95,RED
Monthly,negativity,Cameroon,2026-07-01,0.1,0.0403,0.52,NORMAL,0.39,NORMAL,1.78,NORMAL
Monthly,negativity,Canada,2026-07-01,0.3545,0.1744,0.17,NORMAL,0.23,NORMAL,0.81,NORMAL
Monthly,negativity,Cape Verde,2026-07-01,0.05,0.0178,1.06,NORMAL,0.73,NORMAL,3.85,YELLOW
Monthly,negativity,Cayman Islands,2026-07-01,0.0,0.0,-0.0,NORMAL,-0.0,NORMAL,0.0,NORMAL
Monthly,negativity,Central African Republic,2026-07-01,0.0,0.0056,-0.13,NORMAL,-0.13,NORMAL,0.0,NORMAL
Monthly,negativity,Chad,2026-07-01,0.0,0.0658,-0.29,NORMAL,-0.29,NORMAL,0.0,NORMAL
Monthly,negativity,Chile,2026-07-01,0.05,0.0734,-0.68,NORMAL,-0.13,NORMAL,0.0,NORMAL
Monthly,negativity,China,2026-07-01,0.0,0.0728,-0.45,NORMAL,-0.39,NORMAL,0.0,NORMAL
Monthly,negativity,Colombia,2026-07-01,0.0,0.0188,-0.57,NORMAL,-0.27,NORMAL,0.0,NORMAL
Monthly,negativity,Comoros,2026-07-01,0.0,0.008,-0.36,NORMAL,-0.36,NORMAL,0.0,NORMAL
Monthly,negativity,Congo - Brazzaville,2026-07-01,0.0,0.0397,-0.54,NORMAL,0.35,NORMAL,1.67,NORMAL
Monthly,negativity,Congo - Kinshasa,2026-07-01,0.0,0.0998,1.26,NORMAL,0.5,NORMAL,2.87,NORMAL
Monthly,negativity,Cook Islands,2026-07-01,0.0,0.0039,-0.19,NORMAL,-0.19,NORMAL,0.0,NORMAL
Monthly,negativity,Costa Rica,2026-07-01,0.0,0.0321,-0.2,NORMAL,-0.2,NORMAL,0.0,NORMAL
Monthly,negativity,Croatia,2026-07-01,0.0,0.0336,-0.0,NORMAL,0.37,NORMAL,0.0,NORMAL
Monthly,negativity,Cuba,2026-07-01,0.3333,0.2335,1.29,NORMAL,0.79,NORMAL,6.94,RED
Monthly,negativity,Curaçao,2026-07-01,0.0,0.0,-0.0,NORMAL,-0.0,NORMAL,0.0,NORMAL
Monthly,negativity,Cyprus,2026-07-01,0.5,0.0564,1.06,NORMAL,0.61,NORMAL,3.92,YELLOW
Monthly,negativity,Czechia,2026-07-01,0.1833,0.0493,0.17,NORMAL,0.1,NORMAL,1.39,NORMAL
Monthly,negativity,Côte d’Ivoire,2026-07-01,0.1,0.0386,0.21,NORMAL,0.21,NORMAL,0.62,NORMAL
Monthly,negativity,Denmark,2026-07-01,0.33,0.0964,0.28,NORMAL,0.22,NORMAL,4.8,YELLOW
Monthly,negativity,Djibouti,2026-07-01,0.1,0.0411,1.43,NORMAL,0.58,NORMAL,4.48,YELLOW
Monthly,negativity,Dominica,2026-07-01,0.05,0.0378,-0.23,NORMAL,0.67,NORMAL,5.23,RED
Monthly,negativity,Dominican Republic,2026-07-01,0.0,0.0212,-0.13,NORMAL,-0.13,NORMAL,0.0,NORMAL
Monthly,negativity,Ecuador,2026-07-01,0.1,0.0392,0.39,NORMAL,0.43,NORMAL,0.95,NORMAL
Monthly,negativity,Egypt,2026-07-01,0.0125,0.0768,-0.73,NORMAL,0.44,NORMAL,0.32,NORMAL
Monthly,negativity,El Salvador,2026-07-01,0.0,0.02,-0.12,NORMAL,-0.12,NORMAL,0.0,NORMAL
Monthly,negativity,Equatorial Guinea,2026-07-01,0.0,0.006,-0.21,NORMAL,-0.21,NORMAL,0.0,NORMAL
Monthly,negativity,Eritrea,2026-07-01,0.0,0.0172,0.4,NORMAL,0.07,NORMAL,0.0,NORMAL
Monthly,negativity,Estonia,2026-07-01,0.0,0.013,0.59,NORMAL,0.2,NORMAL,0.13,NORMAL
Monthly,negativity,Eswatini,2026-07-01,0.0,0.109,0.71,NORMAL,0.9,NORMAL,4.89,YELLOW
Monthly,negativity,Ethiopia,2026-07-01,0.075,0.0646,0.43,NORMAL,0.18,NORMAL,1.54,NORMAL
Monthly,negativity,Faroe Islands,2026-07-01,0.0,0.0,-0.0,NORMAL,-0.0,NORMAL,0.0,NORMAL
Monthly,negativity,Fiji,2026-07-01,0.0,0.0523,-0.35,NORMAL,-0.22,NORMAL,0.0,NORMAL
Monthly,negativity,Finland,2026-07-01,0.3,0.0503,0.65,NORMAL,0.13,NORMAL,3.82,YELLOW
Monthly,negativity,France,2026-07-01,0.3063,0.1417,0.82,NORMAL,0.53,NORMAL,11.65,RED
Monthly,negativity,French Polynesia,2026-07-01,0.0,0.0,-0.01,NORMAL,-0.01,NORMAL,0.0,NORMAL
Monthly,negativity,Gabon,2026-07-01,0.0,0.0353,-0.34,NORMAL,0.62,NORMAL,0.88,NORMAL
Monthly,negativity,Gambia,2026-07-01,0.1,0.0216,1.23,NORMAL,0.5,NORMAL,4.14,YELLOW
Monthly,negativity,Georgia,2026-07-01,0.0,0.0301,0.99,NORMAL,0.36,NORMAL,2.19,NORMAL
Monthly,negativity,Germany,2026-07-01,0.2143,0.1225,0.89,NORMAL,0.91,NORMAL,10.1,RED
Monthly,negativity,Ghana,2026-07-01,0.0,0.0519,-0.03,NORMAL,0.4,NORMAL,1.26,NORMAL
Monthly,negativity,Gibraltar,2026-07-01,0.0,0.0,-0.0,NORMAL,-0.0,NORMAL,0.0,NORMAL
Monthly,negativity,Greece,2026-07-01,0.05,0.0587,0.48,NORMAL,0.19,NORMAL,1.33,NORMAL
Monthly,negativity,Greenland,2026-07-01,0.0,0.0965,-0.44,NORMAL,0.02,NORMAL,1.54,NORMAL
Monthly,negativity,Grenada,2026-07-01,0.0,0.009,-0.24,NORMAL,-0.24,NORMAL,0.0,NORMAL
Monthly,negativity,Guadeloupe,2026-07-01,0.0,0.0,-0.0,NORMAL,-0.0,NORMAL,0.0,NORMAL
Monthly,negativity,Guam,2026-07-01,0.0,0.0055,-0.27,NORMAL,-0.27,NORMAL,0.0,NORMAL
Monthly,negativity,Guatemala,2026-07-01,0.0,0.0155,-0.1,NORMAL,-0.1,NORMAL,0.0,NORMAL
Monthly,negativity,Guinea,2026-07-01,0.1,0.0379,1.0,NORMAL,0.51,NORMAL,1.86,NORMAL
Monthly,negativity,Guinea-Bissau,2026-07-01,0.0,0.009,0.26,NORMAL,0.03,NORMAL,0.0,NORMAL
Monthly,negativity,Guyana,2026-07-01,0.0,0.055,1.05,NORMAL,0.61,NORMAL,3.23,YELLOW
Monthly,negativity,Haiti,2026-07-01,0.0,0.011,-0.54,NORMAL,-0.54,NORMAL,0.0,NORMAL
Monthly,negativity,Honduras,2026-07-01,0.0,0.0067,-0.28,NORMAL,-0.28,NORMAL,0.0,NORMAL
Monthly,negativity,Hungary,2026-07-01,0.1,0.0586,0.17,NORMAL,0.67,NORMAL,2.54,NORMAL
Monthly,negativity,Iceland,2026-07-01,0.0,0.016,-0.26,NORMAL,-0.26,NORMAL,0.02,NORMAL
Monthly,negativity,India,2026-07-01,0.75,0.2387,0.73,NORMAL,0.86,NORMAL,7.06,RED
Monthly,negativity,Indonesia,2026-07-01,0.0611,0.0829,1.36,NORMAL,0.78,NORMAL,5.47,RED
Monthly,negativity,Iran,2026-07-01,0.3929,0.2664,0.59,NORMAL,0.8,NORMAL,7.69,RED
Monthly,negativity,Iraq,2026-07-01,0.22,0.1119,0.1,NORMAL,0.48,NORMAL,4.91,YELLOW
Monthly,negativity,Ireland,2026-07-01,0.0,0.0326,-0.43,NORMAL,-0.43,NORMAL,0.0,NORMAL
Monthly,negativity,Israel,2026-07-01,0.45,0.4134,0.42,NORMAL,0.47,NORMAL,3.12,YELLOW
Monthly,negativity,Italy,2026-07-01,0.2786,0.0894,0.94,NORMAL,0.47,NORMAL,6.99,RED
Monthly,negativity,Jamaica,2026-07-01,0.0,0.0699,-0.34,NORMAL,0.37,NORMAL,5.18,RED
Monthly,negativity,Japan,2026-07-01,0.52,0.3857,0.82,NORMAL,0.93,NORMAL,15.04,RED
Monthly,negativity,Jordan,2026-07-01,0.1,0.0655,0.24,NORMAL,0.1,NORMAL,0.0,NORMAL
Monthly,negativity,Kazakhstan,2026-07-01,0.0667,0.0513,0.05,NORMAL,0.2,NORMAL,4.3,YELLOW
Monthly,negativity,Kenya,2026-07-01,0.075,0.0584,0.33,NORMAL,0.51,NORMAL,0.67,NORMAL
Monthly,negativity,Kiribati,2026-07-01,0.0,0.0106,-0.34,NORMAL,-0.34,NORMAL,0.0,NORMAL
Monthly,negativity,Kuwait,2026-07-01,0.0,0.0577,-0.52,NORMAL,-0.1,NORMAL,4.47,YELLOW
Monthly,negativity,Kyrgyzstan,2026-07-01,0.15,0.0596,0.68,NORMAL,0.03,NORMAL,4.18,YELLOW
Monthly,negativity,Laos,2026-07-01,0.0929,0.0573,1.29,NORMAL,0.83,NORMAL,7.24,RED
Monthly,negativity,Latvia,2026-07-01,0.1,0.0243,0.23,NORMAL,0.93,NORMAL,4.29,YELLOW
Monthly,negativity,Lebanon,2026-07-01,0.1,0.1006,0.25,NORMAL,0.65,NORMAL,2.83,NORMAL
Monthly,negativity,Lesotho,2026-07-01,0.05,0.0349,-0.12,NORMAL,-0.17,NORMAL,0.0,NORMAL
Monthly,negativity,Liberia,2026-07-01,0.0,0.0339,0.61,NORMAL,0.2,NORMAL,0.16,NORMAL
Monthly,negativity,Libya,2026-07-01,0.0,0.048,-0.37,NORMAL,0.4,NORMAL,0.0,NORMAL
Monthly,negativity,Liechtenstein,2026-07-01,0.0,0.0002,-0.01,NORMAL,-0.01,NORMAL,0.0,NORMAL
Monthly,negativity,Lithuania,2026-07-01,0.0,0.0224,-0.12,NORMAL,-0.12,NORMAL,0.0,NORMAL
Monthly,negativity,Luxembourg,2026-07-01,0.0,0.0282,0.11,NORMAL,0.25,NORMAL,0.3,NORMAL
Monthly,negativity,Madagascar,2026-07-01,0.05,0.0215,0.32,NORMAL,0.49,NORMAL,1.84,NORMAL
Monthly,negativity,Malawi,2026-07-01,0.1,0.0505,-0.11,NORMAL,-0.03,NORMAL,0.0,NORMAL
Monthly,negativity,Malaysia,2026-07-01,0.1071,0.1024,1.12,NORMAL,1.01,NORMAL,11.83,RED
Monthly,negativity,Maldives,2026-07-01,0.05,0.032,-0.37,NORMAL,0.43,NORMAL,0.0,NORMAL
Monthly,negativity,Mali,2026-07-01,0.0,0.0549,-0.34,NORMAL,-0.07,NORMAL,0.0,NORMAL
Monthly,negativity,Malta,2026-07-01,0.0,0.0137,-0.4,NORMAL,-0.4,NORMAL,0.0,NORMAL
Monthly,negativity,Marshall Islands,2026-07-01,0.1,0.0101,0.82,NORMAL,0.35,NORMAL,2.75,NORMAL
Monthly,negativity,Martinique,2026-07-01,0.0,0.0,-0.0,NORMAL,-0.0,NORMAL,0.0,NORMAL
Monthly,negativity,Mauritania,2026-07-01,0.0,0.0278,1.07,NORMAL,0.48,NORMAL,1.85,NORMAL
Monthly,negativity,Mauritius,2026-07-01,0.0,0.0334,-0.39,NORMAL,0.55,NORMAL,0.0,NORMAL
Monthly,negativity,Mexico,2026-07-01,0.2056,0.1053,0.29,NORMAL,-0.15,NORMAL,0.69,NORMAL
Monthly,negativity,Micronesia (Federated States of),2026-07-01,0.0,0.001,-0.04,NORMAL,-0.04,NORMAL,0.0,NORMAL
Monthly,negativity,Moldova,2026-07-01,0.0,0.0533,0.46,NORMAL,0.94,NORMAL,4.55,YELLOW
Monthly,negativity,Monaco,2026-07-01,0.0,0.0012,-0.02,NORMAL,-0.02,NORMAL,0.0,NORMAL
Monthly,negativity,Mongolia,2026-07-01,0.0437,0.0699,0.54,NORMAL,0.56,NORMAL,5.37,RED
Monthly,negativity,Montenegro,2026-07-01,0.1,0.0287,2.25,YELLOW,1.08,NORMAL,6.89,RED
Monthly,negativity,Morocco,2026-07-01,0.1375,0.0515,0.38,NORMAL,0.22,NORMAL,1.31,NORMAL
Monthly,negativity,Mozambique,2026-07-01,0.0667,0.0395,-0.06,NORMAL,0.07,NORMAL,0.0,NORMAL
Monthly,negativity,Myanmar (Burma),2026-07-01,0.0,0.1413,-0.62,NORMAL,-0.5,NORMAL,0.0,NORMAL
Monthly,negativity,Namibia,2026-07-01,0.07,0.0498,-0.02,NORMAL,0.16,NORMAL,0.0,NORMAL
Monthly,negativity,Nauru,2026-07-01,0.0,0.049,1.11,NORMAL,0.48,NORMAL,2.03,NORMAL
Monthly,negativity,Nepal,2026-07-01,0.0,0.0863,-0.43,NORMAL,-0.06,NORMAL,6.03,RED
Monthly,negativity,Netherlands,2026-07-01,0.28,0.1463,1.21,NORMAL,0.92,NORMAL,7.76,RED
Monthly,negativity,New Caledonia,2026-07-01,0.0,0.0,-0.0,NORMAL,-0.0,NORMAL,0.0,NORMAL
Monthly,negativity,New Zealand,2026-07-01,0.1,0.1193,1.0,NORMAL,0.62,NORMAL,7.34,RED
Monthly,negativity,Nicaragua,2026-07-01,0.0,0.0184,-0.39,NORMAL,-0.18,NORMAL,0.0,NORMAL
Monthly,negativity,Niger,2026-07-01,0.0,0.0246,-0.32,NORMAL,-0.32,NORMAL,0.0,NORMAL
Monthly,negativity,Nigeria,2026-07-01,0.475,0.1205,0.94,NORMAL,0.44,NORMAL,4.49,YELLOW
Monthly,negativity,Niue,2026-07-01,0.0,0.0012,-0.12,NORMAL,-0.12,NORMAL,0.0,NORMAL
Monthly,negativity,North Korea,2026-07-01,0.0577,0.1681,0.15,NORMAL,0.14,NORMAL,4.03,YELLOW
Monthly,negativity,North Macedonia,2026-07-01,0.0,0.0038,-0.27,NORMAL,0.44,NORMAL,0.0,NORMAL
Monthly,negativity,Northern Mariana Islands,2026-07-01,0.0,0.0,-0.0,NORMAL,-0.0,NORMAL,0.0,NORMAL
Monthly,negativity,Norway,2026-07-01,0.3,0.0879,1.32,NORMAL,0.58,NORMAL,6.3,RED
Monthly,negativity,Oman,2026-07-01,0.15,0.1335,0.06,NORMAL,1.07,NORMAL,5.19,RED
Monthly,negativity,Pakistan,2026-07-01,0.05,0.1159,-0.24,NORMAL,0.51,NORMAL,3.74,YELLOW
Monthly,negativity,Palau,2026-07-01,0.0,0.0003,-0.01,NORMAL,-0.01,NORMAL,0.0,NORMAL
Monthly,negativity,Palestinian Territories,2026-07-01,0.4,0.3329,0.99,NORMAL,0.61,NORMAL,4.17,YELLOW
Monthly,negativity,Panama,2026-07-01,0.5,0.1121,0.31,NORMAL,0.1,NORMAL,1.71,NORMAL
Monthly,negativity,Papua New Guinea,2026-07-01,0.1,0.0324,0.79,NORMAL,0.87,NORMAL,5.07,RED
Monthly,negativity,Paraguay,2026-07-01,0.0,0.0041,-0.2,NORMAL,-0.2,NORMAL,0.0,NORMAL
Monthly,negativity,Peru,2026-07-01,0.1062,0.0574,0.28,NORMAL,0.24,NORMAL,1.29,NORMAL
Monthly,negativity,Philippines,2026-07-01,0.8015,0.3865,1.37,NORMAL,0.62,NORMAL,3.36,YELLOW
Monthly,negativity,Poland,2026-07-01,0.05,0.0958,0.45,NORMAL,0.29,NORMAL,6.53,RED
Monthly,negativity,Portugal,2026-07-01,0.225,0.1034,0.04,NORMAL,-0.05,NORMAL,8.2,RED
Monthly,negativity,Puerto Rico,2026-07-01,0.0,0.0062,-0.3,NORMAL,-0.3,NORMAL,0.0,NORMAL
Monthly,negativity,Qatar,2026-07-01,0.1,0.1892,-0.39,NORMAL,0.66,NORMAL,9.59,RED
Monthly,negativity,Romania,2026-07-01,0.1,0.0492,-0.15,NORMAL,0.02,NORMAL,1.68,NORMAL
Monthly,negativity,Russia,2026-07-01,0.2841,0.1615,0.54,NORMAL,0.7,NORMAL,8.24,RED
Monthly,negativity,Rwanda,2026-07-01,0.05,0.0417,-0.19,NORMAL,0.31,NORMAL,0.0,NORMAL
Monthly,negativity,Réunion,2026-07-01,0.0,0.0,-0.0,NORMAL,-0.0,NORMAL,0.0,NORMAL
Monthly,negativity,Samoa,2026-07-01,0.0,0.0136,-0.19,NORMAL,-0.19,NORMAL,0.0,NORMAL
Monthly,negativity,San Marino,2026-07-01,0.0,0.0001,-0.0,NORMAL,-0.0,NORMAL,0.0,NORMAL
Monthly,negativity,Saudi Arabia,2026-07-01,0.0833,0.1326,0.5,NORMAL,0.88,NORMAL,10.39,RED
Monthly,negativity,Senegal,2026-07-01,0.1,0.0511,-0.28,NORMAL,0.14,NORMAL,2.98,NORMAL
Monthly,negativity,Serbia,2026-07-01,0.05,0.0931,-0.3,NORMAL,0.56,NORMAL,0.42,NORMAL
Monthly,negativity,Seychelles,2026-07-01,0.0,0.035,1.11,NORMAL,1.08,NORMAL,7.03,RED
Monthly,negativity,Sierra Leone,2026-07-01,0.0,0.0494,-0.46,NORMAL,-0.23,NORMAL,2.32,NORMAL
Monthly,negativity,Singapore,2026-07-01,0.0,0.1255,0.99,NORMAL,0.78,NORMAL,14.67,RED
Monthly,negativity,Slovakia,2026-07-01,0.5,0.0548,1.24,NORMAL,0.53,NORMAL,4.62,YELLOW
Monthly,negativity,Slovenia,2026-07-01,0.0,0.0297,0.02,NORMAL,-0.06,NORMAL,0.0,NORMAL
Monthly,negativity,Solomon Islands,2026-07-01,0.275,0.0332,0.95,NORMAL,0.36,NORMAL,3.59,YELLOW
Monthly,negativity,Somalia,2026-07-01,0.0,0.0163,-0.46,NORMAL,-0.46,NORMAL,0.0,NORMAL
Monthly,negativity,South Africa,2026-07-01,0.075,0.0905,0.06,NORMAL,0.19,NORMAL,0.96,NORMAL
Monthly,negativity,South Korea,2026-07-01,0.1917,0.1487,0.49,NORMAL,0.62,NORMAL,10.59,RED
Monthly,negativity,South Sudan,2026-07-01,0.0,0.0966,-0.52,NORMAL,0.45,NORMAL,2.81,NORMAL
Monthly,negativity,Spain,2026-07-01,0.2125,0.0968,0.76,NORMAL,0.96,NORMAL,9.66,RED
Monthly,negativity,Sri Lanka,2026-07-01,0.0833,0.068,-0.09,NORMAL,0.74,NORMAL,7.31,RED
Monthly,negativity,St. Helena,2026-07-01,0.0,0.0,-0.0,NORMAL,-0.0,NORMAL,0.0,NORMAL
Monthly,negativity,St. Kitts & Nevis,2026-07-01,0.0,0.0,-0.0,NORMAL,-0.0,NORMAL,0.0,NORMAL
Monthly,negativity,St. Lucia,2026-07-01,0.0,0.0,-0.0,NORMAL,-0.0,NORMAL,0.0,NORMAL
Monthly,negativity,St. Vincent & Grenadines,2026-07-01,0.0,0.0,-0.0,NORMAL,-0.0,NORMAL,0.0,NORMAL
Monthly,negativity,Sudan,2026-07-01,0.0,0.2369,0.31,NORMAL,0.36,NORMAL,0.8,NORMAL
Monthly,negativity,Suriname,2026-07-01,0.0,0.0014,-0.15,NORMAL,-0.15,NORMAL,0.0,NORMAL
Monthly,negativity,Svalbard & Jan Mayen,2026-07-01,0.0,0.0,-0.0,NORMAL,-0.0,NORMAL,0.0,NORMAL
Monthly,negativity,Sweden,2026-07-01,0.3,0.088,0.62,NORMAL,0.42,NORMAL,4.76,YELLOW
Monthly,negativity,Switzerland,2026-07-01,0.05,0.085,-0.03,NORMAL,0.21,NORMAL,4.32,YELLOW
Monthly,negativity,Syria,2026-07-01,0.1,0.1584,0.57,NORMAL,0.13,NORMAL,0.44,NORMAL
Monthly,negativity,São Tomé & Príncipe,2026-07-01,0.0,0.0118,-0.34,NORMAL,-0.34,NORMAL,0.0,NORMAL
Monthly,negativity,Taiwan,2026-07-01,0.1437,0.2779,-0.57,NORMAL,-0.41,NORMAL,0.0,NORMAL
Monthly,negativity,Tajikistan,2026-07-01,0.1,0.0609,-0.06,NORMAL,-0.34,NORMAL,3.36,YELLOW
Monthly,negativity,Tanzania,2026-07-01,0.09,0.0635,1.24,NORMAL,0.76,NORMAL,9.23,RED
Monthly,negativity,Thailand,2026-07-01,0.075,0.0901,0.01,NORMAL,0.39,NORMAL,4.9,YELLOW
Monthly,negativity,Timor-Leste,2026-07-01,0.0,0.0299,0.84,NORMAL,0.69,NORMAL,3.29,YELLOW
Monthly,negativity,Togo,2026-07-01,0.0,0.0015,-0.02,NORMAL,-0.02,NORMAL,0.0,NORMAL
Monthly,negativity,Tonga,2026-07-01,0.0,0.0176,-0.02,NORMAL,-0.15,NORMAL,0.0,NORMAL
Monthly,negativity,Trinidad & Tobago,2026-07-01,0.0,0.0098,-0.96,NORMAL,-0.96,NORMAL,0.0,NORMAL
Monthly,negativity,Tunisia,2026-07-01,0.1,0.0589,0.61,NORMAL,0.9,NORMAL,4.36,YELLOW
Monthly,negativity,Turkey,2026-07-01,0.07,0.1023,-0.09,NORMAL,0.28,NORMAL,1.08,NORMAL
Monthly,negativity,Turkmenistan,2026-07-01,0.1,0.057,0.02,NORMAL,0.54,NORMAL,3.58,YELLOW
Monthly,negativity,Tuvalu,2026-07-01,0.0,0.0,-0.0,NORMAL,-0.0,NORMAL,0.0,NORMAL
Monthly,negativity,UK,2026-07-01,0.28,0.1565,1.11,NORMAL,0.66,NORMAL,6.08,RED
Monthly,negativity,US,2026-07-01,0.3157,0.2704,-0.21,NORMAL,0.25,NORMAL,3.86,YELLOW
Monthly,negativity,Uganda,2026-07-01,0.0333,0.084,1.72,NORMAL,0.89,NORMAL,6.78,RED
Monthly,negativity,Ukraine,2026-07-01,0.475,0.2025,0.75,NORMAL,0.57,NORMAL,3.29,YELLOW
Monthly,negativity,United Arab Emirates,2026-07-01,0.075,0.1026,0.26,NORMAL,0.92,NORMAL,13.14,RED
Monthly,negativity,Uruguay,2026-07-01,0.0,0.0301,0.06,NORMAL,-0.2,NORMAL,0.0,NORMAL
Monthly,negativity,Uzbekistan,2026-07-01,0.0917,0.066,0.31,NORMAL,0.68,NORMAL,7.65,RED
Monthly,negativity,Vanuatu,2026-07-01,0.0,0.0087,-0.14,NORMAL,-0.14,NORMAL,0.0,NORMAL
Monthly,negativity,Vatican City,2026-07-01,0.0,0.0,-0.0,NORMAL,-0.0,NORMAL,0.0,NORMAL
Monthly,negativity,Venezuela,2026-07-01,0.525,0.1756,0.83,NORMAL,0.29,NORMAL,2.97,NORMAL
Monthly,negativity,Vietnam,2026-07-01,0.15,0.0731,-0.01,NORMAL,0.31,NORMAL,4.44,YELLOW
Monthly,negativity,Western Sahara,2026-07-01,0.0,0.0,-0.0,NORMAL,-0.0,NORMAL,0.0,NORMAL
Monthly,negativity,Yemen,2026-07-01,0.0,0.0833,-0.43,NORMAL,0.04,NORMAL,1.0,NORMAL
Monthly,negativity,Zambia,2026-07-01,0.1,0.0551,0.23,NORMAL,0.47,NORMAL,0.42,NORMAL
Monthly,negativity,Zimbabwe,2026-07-01,0.05,0.0536,0.03,NORMAL,0.01,NORMAL,0.0,NORMAL
